invariantSpecification,description,generatedAtTime,identifier,invalidatedAtTime,title,definedIn_identifier,models_identifier,dataInsertedBy_identifier,wasAttributedTo_identifier,wasDerivedFrom_identifier,wasGeneratedBy_identifier,wasImpactedBy_identifier,wasRevisionOf_identifier
this.foo != null,Daikon version 5.8.8 invariant spec,,LIKELY_INVARIANT_SPEC_0,,Like program invariant specification,,,,,,,,
this.foo == orig(this.foo),Daikon version 5.8.8 invariant spec,,LIKELY_INVARIANT_SPEC_1,,Like program invariant specification,,,,,,,,
this.foo != null,Daikon version 5.8.8 invariant spec,,LIKELY_INVARIANT_SPEC_2,,Like program invariant specification,,,,,,,,
com.foo.RegressionTest0.debug == false,Daikon version 5.8.8 invariant spec,,LIKELY_INVARIANT_SPEC_3,,Like program invariant specification,,,,,,,,
com.foo.RegressionTest0.debug == orig(com.foo.RegressionTest0.debug),Daikon version 5.8.8 invariant spec,,LIKELY_INVARIANT_SPEC_4,,Like program invariant specification,,,,,,,,
com.foo.RegressionTest0.debug == orig(com.foo.RegressionTest0.debug),Daikon version 5.8.8 invariant spec,,LIKELY_INVARIANT_SPEC_5,,Like program invariant specification,,,,,,,,
com.foo.RegressionTest0.debug == orig(com.foo.RegressionTest0.debug),Daikon version 5.8.8 invariant spec,,LIKELY_INVARIANT_SPEC_6,,Like program invariant specification,,,,,,,,
com.foo.RegressionTest0.debug == orig(com.foo.RegressionTest0.debug),Daikon version 5.8.8 invariant spec,,LIKELY_INVARIANT_SPEC_7,,Like program invariant specification,,,,,,,,
com.foo.RegressionTest0.debug == orig(com.foo.RegressionTest0.debug),Daikon version 5.8.8 invariant spec,,LIKELY_INVARIANT_SPEC_8,,Like program invariant specification,,,,,,,,
com.foo.RegressionTest0.debug == orig(com.foo.RegressionTest0.debug),Daikon version 5.8.8 invariant spec,,LIKELY_INVARIANT_SPEC_9,,Like program invariant specification,,,,,,,,
com.foo.RegressionTest0.debug == orig(com.foo.RegressionTest0.debug),Daikon version 5.8.8 invariant spec,,LIKELY_INVARIANT_SPEC_10,,Like program invariant specification,,,,,,,,
com.foo.RegressionTest0.debug == orig(com.foo.RegressionTest0.debug),Daikon version 5.8.8 invariant spec,,LIKELY_INVARIANT_SPEC_11,,Like program invariant specification,,,,,,,,
com.foo.RegressionTest0.debug == orig(com.foo.RegressionTest0.debug),Daikon version 5.8.8 invariant spec,,LIKELY_INVARIANT_SPEC_12,,Like program invariant specification,,,,,,,,
com.foo.RegressionTest0.debug == orig(com.foo.RegressionTest0.debug),Daikon version 5.8.8 invariant spec,,LIKELY_INVARIANT_SPEC_13,,Like program invariant specification,,,,,,,,
com.foo.RegressionTest0.debug == orig(com.foo.RegressionTest0.debug),Daikon version 5.8.8 invariant spec,,LIKELY_INVARIANT_SPEC_14,,Like program invariant specification,,,,,,,,
com.foo.RegressionTest0.debug == orig(com.foo.RegressionTest0.debug),Daikon version 5.8.8 invariant spec,,LIKELY_INVARIANT_SPEC_15,,Like program invariant specification,,,,,,,,
com.foo.RegressionTest0.debug == orig(com.foo.RegressionTest0.debug),Daikon version 5.8.8 invariant spec,,LIKELY_INVARIANT_SPEC_16,,Like program invariant specification,,,,,,,,
com.foo.RegressionTest0.debug == orig(com.foo.RegressionTest0.debug),Daikon version 5.8.8 invariant spec,,LIKELY_INVARIANT_SPEC_17,,Like program invariant specification,,,,,,,,
com.foo.RegressionTest0.debug == orig(com.foo.RegressionTest0.debug),Daikon version 5.8.8 invariant spec,,LIKELY_INVARIANT_SPEC_18,,Like program invariant specification,,,,,,,,
com.foo.RegressionTest0.debug == orig(com.foo.RegressionTest0.debug),Daikon version 5.8.8 invariant spec,,LIKELY_INVARIANT_SPEC_19,,Like program invariant specification,,,,,,,,
com.foo.RegressionTest0.debug == orig(com.foo.RegressionTest0.debug),Daikon version 5.8.8 invariant spec,,LIKELY_INVARIANT_SPEC_20,,Like program invariant specification,,,,,,,,
com.foo.RegressionTest0.debug == orig(com.foo.RegressionTest0.debug),Daikon version 5.8.8 invariant spec,,LIKELY_INVARIANT_SPEC_21,,Like program invariant specification,,,,,,,,
com.foo.RegressionTest0.debug == orig(com.foo.RegressionTest0.debug),Daikon version 5.8.8 invariant spec,,LIKELY_INVARIANT_SPEC_22,,Like program invariant specification,,,,,,,,
com.foo.RegressionTest0.debug == orig(com.foo.RegressionTest0.debug),Daikon version 5.8.8 invariant spec,,LIKELY_INVARIANT_SPEC_23,,Like program invariant specification,,,,,,,,
com.foo.RegressionTest0.debug == orig(com.foo.RegressionTest0.debug),Daikon version 5.8.8 invariant spec,,LIKELY_INVARIANT_SPEC_24,,Like program invariant specification,,,,,,,,
com.foo.RegressionTest0.debug == orig(com.foo.RegressionTest0.debug),Daikon version 5.8.8 invariant spec,,LIKELY_INVARIANT_SPEC_25,,Like program invariant specification,,,,,,,,
com.foo.RegressionTest0.debug == orig(com.foo.RegressionTest0.debug),Daikon version 5.8.8 invariant spec,,LIKELY_INVARIANT_SPEC_26,,Like program invariant specification,,,,,,,,
com.foo.RegressionTest0.debug == orig(com.foo.RegressionTest0.debug),Daikon version 5.8.8 invariant spec,,LIKELY_INVARIANT_SPEC_27,,Like program invariant specification,,,,,,,,
com.foo.RegressionTest0.debug == orig(com.foo.RegressionTest0.debug),Daikon version 5.8.8 invariant spec,,LIKELY_INVARIANT_SPEC_28,,Like program invariant specification,,,,,,,,
com.foo.RegressionTest0.debug == orig(com.foo.RegressionTest0.debug),Daikon version 5.8.8 invariant spec,,LIKELY_INVARIANT_SPEC_29,,Like program invariant specification,,,,,,,,
com.foo.RegressionTest0.debug == orig(com.foo.RegressionTest0.debug),Daikon version 5.8.8 invariant spec,,LIKELY_INVARIANT_SPEC_30,,Like program invariant specification,,,,,,,,
com.foo.RegressionTest0.debug == orig(com.foo.RegressionTest0.debug),Daikon version 5.8.8 invariant spec,,LIKELY_INVARIANT_SPEC_31,,Like program invariant specification,,,,,,,,
com.foo.RegressionTest0.debug == orig(com.foo.RegressionTest0.debug),Daikon version 5.8.8 invariant spec,,LIKELY_INVARIANT_SPEC_32,,Like program invariant specification,,,,,,,,
com.foo.RegressionTest0.debug == orig(com.foo.RegressionTest0.debug),Daikon version 5.8.8 invariant spec,,LIKELY_INVARIANT_SPEC_33,,Like program invariant specification,,,,,,,,
com.foo.RegressionTest0.debug == orig(com.foo.RegressionTest0.debug),Daikon version 5.8.8 invariant spec,,LIKELY_INVARIANT_SPEC_34,,Like program invariant specification,,,,,,,,
com.foo.RegressionTest0.debug == orig(com.foo.RegressionTest0.debug),Daikon version 5.8.8 invariant spec,,LIKELY_INVARIANT_SPEC_35,,Like program invariant specification,,,,,,,,
com.foo.RegressionTest0.debug == orig(com.foo.RegressionTest0.debug),Daikon version 5.8.8 invariant spec,,LIKELY_INVARIANT_SPEC_36,,Like program invariant specification,,,,,,,,
com.foo.RegressionTest0.debug == orig(com.foo.RegressionTest0.debug),Daikon version 5.8.8 invariant spec,,LIKELY_INVARIANT_SPEC_37,,Like program invariant specification,,,,,,,,
com.foo.RegressionTest0.debug == orig(com.foo.RegressionTest0.debug),Daikon version 5.8.8 invariant spec,,LIKELY_INVARIANT_SPEC_38,,Like program invariant specification,,,,,,,,
com.foo.RegressionTest0.debug == orig(com.foo.RegressionTest0.debug),Daikon version 5.8.8 invariant spec,,LIKELY_INVARIANT_SPEC_39,,Like program invariant specification,,,,,,,,
com.foo.RegressionTest0.debug == orig(com.foo.RegressionTest0.debug),Daikon version 5.8.8 invariant spec,,LIKELY_INVARIANT_SPEC_40,,Like program invariant specification,,,,,,,,
com.foo.RegressionTest0.debug == orig(com.foo.RegressionTest0.debug),Daikon version 5.8.8 invariant spec,,LIKELY_INVARIANT_SPEC_41,,Like program invariant specification,,,,,,,,
com.foo.RegressionTest0.debug == orig(com.foo.RegressionTest0.debug),Daikon version 5.8.8 invariant spec,,LIKELY_INVARIANT_SPEC_42,,Like program invariant specification,,,,,,,,
com.foo.RegressionTest0.debug == orig(com.foo.RegressionTest0.debug),Daikon version 5.8.8 invariant spec,,LIKELY_INVARIANT_SPEC_43,,Like program invariant specification,,,,,,,,
com.foo.RegressionTest0.debug == orig(com.foo.RegressionTest0.debug),Daikon version 5.8.8 invariant spec,,LIKELY_INVARIANT_SPEC_44,,Like program invariant specification,,,,,,,,
com.foo.RegressionTest0.debug == orig(com.foo.RegressionTest0.debug),Daikon version 5.8.8 invariant spec,,LIKELY_INVARIANT_SPEC_45,,Like program invariant specification,,,,,,,,
com.foo.RegressionTest0.debug == orig(com.foo.RegressionTest0.debug),Daikon version 5.8.8 invariant spec,,LIKELY_INVARIANT_SPEC_46,,Like program invariant specification,,,,,,,,
com.foo.RegressionTest0.debug == orig(com.foo.RegressionTest0.debug),Daikon version 5.8.8 invariant spec,,LIKELY_INVARIANT_SPEC_47,,Like program invariant specification,,,,,,,,
com.foo.RegressionTest0.debug == orig(com.foo.RegressionTest0.debug),Daikon version 5.8.8 invariant spec,,LIKELY_INVARIANT_SPEC_48,,Like program invariant specification,,,,,,,,
com.foo.RegressionTest0.debug == orig(com.foo.RegressionTest0.debug),Daikon version 5.8.8 invariant spec,,LIKELY_INVARIANT_SPEC_49,,Like program invariant specification,,,,,,,,
com.foo.RegressionTest0.debug == orig(com.foo.RegressionTest0.debug),Daikon version 5.8.8 invariant spec,,LIKELY_INVARIANT_SPEC_50,,Like program invariant specification,,,,,,,,
com.foo.RegressionTest0.debug == orig(com.foo.RegressionTest0.debug),Daikon version 5.8.8 invariant spec,,LIKELY_INVARIANT_SPEC_51,,Like program invariant specification,,,,,,,,
com.foo.RegressionTest0.debug == orig(com.foo.RegressionTest0.debug),Daikon version 5.8.8 invariant spec,,LIKELY_INVARIANT_SPEC_52,,Like program invariant specification,,,,,,,,
com.foo.RegressionTest0.debug == orig(com.foo.RegressionTest0.debug),Daikon version 5.8.8 invariant spec,,LIKELY_INVARIANT_SPEC_53,,Like program invariant specification,,,,,,,,
com.foo.RegressionTest0.debug == orig(com.foo.RegressionTest0.debug),Daikon version 5.8.8 invariant spec,,LIKELY_INVARIANT_SPEC_54,,Like program invariant specification,,,,,,,,
com.foo.RegressionTest0.debug == orig(com.foo.RegressionTest0.debug),Daikon version 5.8.8 invariant spec,,LIKELY_INVARIANT_SPEC_55,,Like program invariant specification,,,,,,,,
com.foo.RegressionTest0.debug == orig(com.foo.RegressionTest0.debug),Daikon version 5.8.8 invariant spec,,LIKELY_INVARIANT_SPEC_56,,Like program invariant specification,,,,,,,,
com.foo.RegressionTest0.debug == orig(com.foo.RegressionTest0.debug),Daikon version 5.8.8 invariant spec,,LIKELY_INVARIANT_SPEC_57,,Like program invariant specification,,,,,,,,
com.foo.RegressionTest0.debug == orig(com.foo.RegressionTest0.debug),Daikon version 5.8.8 invariant spec,,LIKELY_INVARIANT_SPEC_58,,Like program invariant specification,,,,,,,,
com.foo.RegressionTest0.debug == orig(com.foo.RegressionTest0.debug),Daikon version 5.8.8 invariant spec,,LIKELY_INVARIANT_SPEC_59,,Like program invariant specification,,,,,,,,
com.foo.RegressionTest0.debug == orig(com.foo.RegressionTest0.debug),Daikon version 5.8.8 invariant spec,,LIKELY_INVARIANT_SPEC_60,,Like program invariant specification,,,,,,,,
com.foo.RegressionTest0.debug == orig(com.foo.RegressionTest0.debug),Daikon version 5.8.8 invariant spec,,LIKELY_INVARIANT_SPEC_61,,Like program invariant specification,,,,,,,,
com.foo.RegressionTest0.debug == orig(com.foo.RegressionTest0.debug),Daikon version 5.8.8 invariant spec,,LIKELY_INVARIANT_SPEC_62,,Like program invariant specification,,,,,,,,
com.foo.RegressionTest0.debug == orig(com.foo.RegressionTest0.debug),Daikon version 5.8.8 invariant spec,,LIKELY_INVARIANT_SPEC_63,,Like program invariant specification,,,,,,,,
com.foo.RegressionTest0.debug == orig(com.foo.RegressionTest0.debug),Daikon version 5.8.8 invariant spec,,LIKELY_INVARIANT_SPEC_64,,Like program invariant specification,,,,,,,,
com.foo.RegressionTest0.debug == orig(com.foo.RegressionTest0.debug),Daikon version 5.8.8 invariant spec,,LIKELY_INVARIANT_SPEC_65,,Like program invariant specification,,,,,,,,
com.foo.RegressionTest0.debug == orig(com.foo.RegressionTest0.debug),Daikon version 5.8.8 invariant spec,,LIKELY_INVARIANT_SPEC_66,,Like program invariant specification,,,,,,,,
com.foo.RegressionTest0.debug == orig(com.foo.RegressionTest0.debug),Daikon version 5.8.8 invariant spec,,LIKELY_INVARIANT_SPEC_67,,Like program invariant specification,,,,,,,,
com.foo.RegressionTest0.debug == orig(com.foo.RegressionTest0.debug),Daikon version 5.8.8 invariant spec,,LIKELY_INVARIANT_SPEC_68,,Like program invariant specification,,,,,,,,
com.foo.RegressionTest0.debug == orig(com.foo.RegressionTest0.debug),Daikon version 5.8.8 invariant spec,,LIKELY_INVARIANT_SPEC_69,,Like program invariant specification,,,,,,,,
com.foo.RegressionTest0.debug == orig(com.foo.RegressionTest0.debug),Daikon version 5.8.8 invariant spec,,LIKELY_INVARIANT_SPEC_70,,Like program invariant specification,,,,,,,,
com.foo.RegressionTest0.debug == orig(com.foo.RegressionTest0.debug),Daikon version 5.8.8 invariant spec,,LIKELY_INVARIANT_SPEC_71,,Like program invariant specification,,,,,,,,
com.foo.RegressionTest0.debug == orig(com.foo.RegressionTest0.debug),Daikon version 5.8.8 invariant spec,,LIKELY_INVARIANT_SPEC_72,,Like program invariant specification,,,,,,,,
com.foo.RegressionTest0.debug == orig(com.foo.RegressionTest0.debug),Daikon version 5.8.8 invariant spec,,LIKELY_INVARIANT_SPEC_73,,Like program invariant specification,,,,,,,,
com.foo.RegressionTest0.debug == orig(com.foo.RegressionTest0.debug),Daikon version 5.8.8 invariant spec,,LIKELY_INVARIANT_SPEC_74,,Like program invariant specification,,,,,,,,
com.foo.RegressionTest0.debug == orig(com.foo.RegressionTest0.debug),Daikon version 5.8.8 invariant spec,,LIKELY_INVARIANT_SPEC_75,,Like program invariant specification,,,,,,,,
com.foo.RegressionTest0.debug == orig(com.foo.RegressionTest0.debug),Daikon version 5.8.8 invariant spec,,LIKELY_INVARIANT_SPEC_76,,Like program invariant specification,,,,,,,,
com.foo.RegressionTest0.debug == orig(com.foo.RegressionTest0.debug),Daikon version 5.8.8 invariant spec,,LIKELY_INVARIANT_SPEC_77,,Like program invariant specification,,,,,,,,
com.foo.RegressionTest0.debug == orig(com.foo.RegressionTest0.debug),Daikon version 5.8.8 invariant spec,,LIKELY_INVARIANT_SPEC_78,,Like program invariant specification,,,,,,,,
com.foo.RegressionTest0.debug == orig(com.foo.RegressionTest0.debug),Daikon version 5.8.8 invariant spec,,LIKELY_INVARIANT_SPEC_79,,Like program invariant specification,,,,,,,,
com.foo.RegressionTest0.debug == orig(com.foo.RegressionTest0.debug),Daikon version 5.8.8 invariant spec,,LIKELY_INVARIANT_SPEC_80,,Like program invariant specification,,,,,,,,
com.foo.RegressionTest0.debug == orig(com.foo.RegressionTest0.debug),Daikon version 5.8.8 invariant spec,,LIKELY_INVARIANT_SPEC_81,,Like program invariant specification,,,,,,,,
com.foo.RegressionTest0.debug == orig(com.foo.RegressionTest0.debug),Daikon version 5.8.8 invariant spec,,LIKELY_INVARIANT_SPEC_82,,Like program invariant specification,,,,,,,,
com.foo.RegressionTest0.debug == orig(com.foo.RegressionTest0.debug),Daikon version 5.8.8 invariant spec,,LIKELY_INVARIANT_SPEC_83,,Like program invariant specification,,,,,,,,
com.foo.RegressionTest0.debug == orig(com.foo.RegressionTest0.debug),Daikon version 5.8.8 invariant spec,,LIKELY_INVARIANT_SPEC_84,,Like program invariant specification,,,,,,,,
com.foo.RegressionTest0.debug == orig(com.foo.RegressionTest0.debug),Daikon version 5.8.8 invariant spec,,LIKELY_INVARIANT_SPEC_85,,Like program invariant specification,,,,,,,,
com.foo.RegressionTest0.debug == orig(com.foo.RegressionTest0.debug),Daikon version 5.8.8 invariant spec,,LIKELY_INVARIANT_SPEC_86,,Like program invariant specification,,,,,,,,
com.foo.RegressionTest0.debug == orig(com.foo.RegressionTest0.debug),Daikon version 5.8.8 invariant spec,,LIKELY_INVARIANT_SPEC_87,,Like program invariant specification,,,,,,,,
com.foo.RegressionTest0.debug == orig(com.foo.RegressionTest0.debug),Daikon version 5.8.8 invariant spec,,LIKELY_INVARIANT_SPEC_88,,Like program invariant specification,,,,,,,,
com.foo.RegressionTest0.debug == orig(com.foo.RegressionTest0.debug),Daikon version 5.8.8 invariant spec,,LIKELY_INVARIANT_SPEC_89,,Like program invariant specification,,,,,,,,
com.foo.RegressionTest0.debug == orig(com.foo.RegressionTest0.debug),Daikon version 5.8.8 invariant spec,,LIKELY_INVARIANT_SPEC_90,,Like program invariant specification,,,,,,,,
com.foo.RegressionTest0.debug == orig(com.foo.RegressionTest0.debug),Daikon version 5.8.8 invariant spec,,LIKELY_INVARIANT_SPEC_91,,Like program invariant specification,,,,,,,,
com.foo.RegressionTest0.debug == orig(com.foo.RegressionTest0.debug),Daikon version 5.8.8 invariant spec,,LIKELY_INVARIANT_SPEC_92,,Like program invariant specification,,,,,,,,
com.foo.RegressionTest0.debug == orig(com.foo.RegressionTest0.debug),Daikon version 5.8.8 invariant spec,,LIKELY_INVARIANT_SPEC_93,,Like program invariant specification,,,,,,,,
com.foo.RegressionTest0.debug == orig(com.foo.RegressionTest0.debug),Daikon version 5.8.8 invariant spec,,LIKELY_INVARIANT_SPEC_94,,Like program invariant specification,,,,,,,,
com.foo.RegressionTest0.debug == orig(com.foo.RegressionTest0.debug),Daikon version 5.8.8 invariant spec,,LIKELY_INVARIANT_SPEC_95,,Like program invariant specification,,,,,,,,
com.foo.RegressionTest0.debug == orig(com.foo.RegressionTest0.debug),Daikon version 5.8.8 invariant spec,,LIKELY_INVARIANT_SPEC_96,,Like program invariant specification,,,,,,,,
com.foo.RegressionTest0.debug == orig(com.foo.RegressionTest0.debug),Daikon version 5.8.8 invariant spec,,LIKELY_INVARIANT_SPEC_97,,Like program invariant specification,,,,,,,,
com.foo.RegressionTest0.debug == orig(com.foo.RegressionTest0.debug),Daikon version 5.8.8 invariant spec,,LIKELY_INVARIANT_SPEC_98,,Like program invariant specification,,,,,,,,
com.foo.RegressionTest0.debug == orig(com.foo.RegressionTest0.debug),Daikon version 5.8.8 invariant spec,,LIKELY_INVARIANT_SPEC_99,,Like program invariant specification,,,,,,,,
com.foo.RegressionTest0.debug == orig(com.foo.RegressionTest0.debug),Daikon version 5.8.8 invariant spec,,LIKELY_INVARIANT_SPEC_100,,Like program invariant specification,,,,,,,,
com.foo.RegressionTest0.debug == orig(com.foo.RegressionTest0.debug),Daikon version 5.8.8 invariant spec,,LIKELY_INVARIANT_SPEC_101,,Like program invariant specification,,,,,,,,
com.foo.RegressionTest0.debug == orig(com.foo.RegressionTest0.debug),Daikon version 5.8.8 invariant spec,,LIKELY_INVARIANT_SPEC_102,,Like program invariant specification,,,,,,,,
com.foo.RegressionTest0.debug == orig(com.foo.RegressionTest0.debug),Daikon version 5.8.8 invariant spec,,LIKELY_INVARIANT_SPEC_103,,Like program invariant specification,,,,,,,,
com.foo.RegressionTest0.debug == orig(com.foo.RegressionTest0.debug),Daikon version 5.8.8 invariant spec,,LIKELY_INVARIANT_SPEC_104,,Like program invariant specification,,,,,,,,
com.foo.RegressionTest0.debug == orig(com.foo.RegressionTest0.debug),Daikon version 5.8.8 invariant spec,,LIKELY_INVARIANT_SPEC_105,,Like program invariant specification,,,,,,,,
com.foo.RegressionTest0.debug == orig(com.foo.RegressionTest0.debug),Daikon version 5.8.8 invariant spec,,LIKELY_INVARIANT_SPEC_106,,Like program invariant specification,,,,,,,,
com.foo.RegressionTest0.debug == orig(com.foo.RegressionTest0.debug),Daikon version 5.8.8 invariant spec,,LIKELY_INVARIANT_SPEC_107,,Like program invariant specification,,,,,,,,
com.foo.RegressionTest0.debug == orig(com.foo.RegressionTest0.debug),Daikon version 5.8.8 invariant spec,,LIKELY_INVARIANT_SPEC_108,,Like program invariant specification,,,,,,,,
com.foo.RegressionTest0.debug == orig(com.foo.RegressionTest0.debug),Daikon version 5.8.8 invariant spec,,LIKELY_INVARIANT_SPEC_109,,Like program invariant specification,,,,,,,,
com.foo.RegressionTest0.debug == orig(com.foo.RegressionTest0.debug),Daikon version 5.8.8 invariant spec,,LIKELY_INVARIANT_SPEC_110,,Like program invariant specification,,,,,,,,
com.foo.RegressionTest0.debug == orig(com.foo.RegressionTest0.debug),Daikon version 5.8.8 invariant spec,,LIKELY_INVARIANT_SPEC_111,,Like program invariant specification,,,,,,,,
com.foo.RegressionTest0.debug == orig(com.foo.RegressionTest0.debug),Daikon version 5.8.8 invariant spec,,LIKELY_INVARIANT_SPEC_112,,Like program invariant specification,,,,,,,,
com.foo.RegressionTest0.debug == orig(com.foo.RegressionTest0.debug),Daikon version 5.8.8 invariant spec,,LIKELY_INVARIANT_SPEC_113,,Like program invariant specification,,,,,,,,
com.foo.RegressionTest0.debug == orig(com.foo.RegressionTest0.debug),Daikon version 5.8.8 invariant spec,,LIKELY_INVARIANT_SPEC_114,,Like program invariant specification,,,,,,,,
com.foo.RegressionTest0.debug == orig(com.foo.RegressionTest0.debug),Daikon version 5.8.8 invariant spec,,LIKELY_INVARIANT_SPEC_115,,Like program invariant specification,,,,,,,,
com.foo.RegressionTest0.debug == orig(com.foo.RegressionTest0.debug),Daikon version 5.8.8 invariant spec,,LIKELY_INVARIANT_SPEC_116,,Like program invariant specification,,,,,,,,
com.foo.RegressionTest0.debug == orig(com.foo.RegressionTest0.debug),Daikon version 5.8.8 invariant spec,,LIKELY_INVARIANT_SPEC_117,,Like program invariant specification,,,,,,,,
com.foo.RegressionTest0.debug == orig(com.foo.RegressionTest0.debug),Daikon version 5.8.8 invariant spec,,LIKELY_INVARIANT_SPEC_118,,Like program invariant specification,,,,,,,,
com.foo.RegressionTest0.debug == orig(com.foo.RegressionTest0.debug),Daikon version 5.8.8 invariant spec,,LIKELY_INVARIANT_SPEC_119,,Like program invariant specification,,,,,,,,
com.foo.RegressionTest0.debug == orig(com.foo.RegressionTest0.debug),Daikon version 5.8.8 invariant spec,,LIKELY_INVARIANT_SPEC_120,,Like program invariant specification,,,,,,,,
com.foo.RegressionTest0.debug == orig(com.foo.RegressionTest0.debug),Daikon version 5.8.8 invariant spec,,LIKELY_INVARIANT_SPEC_121,,Like program invariant specification,,,,,,,,
com.foo.RegressionTest0.debug == orig(com.foo.RegressionTest0.debug),Daikon version 5.8.8 invariant spec,,LIKELY_INVARIANT_SPEC_122,,Like program invariant specification,,,,,,,,
com.foo.RegressionTest0.debug == orig(com.foo.RegressionTest0.debug),Daikon version 5.8.8 invariant spec,,LIKELY_INVARIANT_SPEC_123,,Like program invariant specification,,,,,,,,
com.foo.RegressionTest0.debug == orig(com.foo.RegressionTest0.debug),Daikon version 5.8.8 invariant spec,,LIKELY_INVARIANT_SPEC_124,,Like program invariant specification,,,,,,,,
com.foo.RegressionTest0.debug == orig(com.foo.RegressionTest0.debug),Daikon version 5.8.8 invariant spec,,LIKELY_INVARIANT_SPEC_125,,Like program invariant specification,,,,,,,,
com.foo.RegressionTest0.debug == orig(com.foo.RegressionTest0.debug),Daikon version 5.8.8 invariant spec,,LIKELY_INVARIANT_SPEC_126,,Like program invariant specification,,,,,,,,
com.foo.RegressionTest0.debug == orig(com.foo.RegressionTest0.debug),Daikon version 5.8.8 invariant spec,,LIKELY_INVARIANT_SPEC_127,,Like program invariant specification,,,,,,,,
com.foo.RegressionTest0.debug == orig(com.foo.RegressionTest0.debug),Daikon version 5.8.8 invariant spec,,LIKELY_INVARIANT_SPEC_128,,Like program invariant specification,,,,,,,,
com.foo.RegressionTest0.debug == orig(com.foo.RegressionTest0.debug),Daikon version 5.8.8 invariant spec,,LIKELY_INVARIANT_SPEC_129,,Like program invariant specification,,,,,,,,
com.foo.RegressionTest0.debug == orig(com.foo.RegressionTest0.debug),Daikon version 5.8.8 invariant spec,,LIKELY_INVARIANT_SPEC_130,,Like program invariant specification,,,,,,,,
com.foo.RegressionTest0.debug == orig(com.foo.RegressionTest0.debug),Daikon version 5.8.8 invariant spec,,LIKELY_INVARIANT_SPEC_131,,Like program invariant specification,,,,,,,,
com.foo.RegressionTest0.debug == orig(com.foo.RegressionTest0.debug),Daikon version 5.8.8 invariant spec,,LIKELY_INVARIANT_SPEC_132,,Like program invariant specification,,,,,,,,
com.foo.RegressionTest0.debug == orig(com.foo.RegressionTest0.debug),Daikon version 5.8.8 invariant spec,,LIKELY_INVARIANT_SPEC_133,,Like program invariant specification,,,,,,,,
com.foo.RegressionTest0.debug == orig(com.foo.RegressionTest0.debug),Daikon version 5.8.8 invariant spec,,LIKELY_INVARIANT_SPEC_134,,Like program invariant specification,,,,,,,,
com.foo.RegressionTest0.debug == orig(com.foo.RegressionTest0.debug),Daikon version 5.8.8 invariant spec,,LIKELY_INVARIANT_SPEC_135,,Like program invariant specification,,,,,,,,
com.foo.RegressionTest0.debug == orig(com.foo.RegressionTest0.debug),Daikon version 5.8.8 invariant spec,,LIKELY_INVARIANT_SPEC_136,,Like program invariant specification,,,,,,,,
com.foo.RegressionTest0.debug == orig(com.foo.RegressionTest0.debug),Daikon version 5.8.8 invariant spec,,LIKELY_INVARIANT_SPEC_137,,Like program invariant specification,,,,,,,,
com.foo.RegressionTest0.debug == orig(com.foo.RegressionTest0.debug),Daikon version 5.8.8 invariant spec,,LIKELY_INVARIANT_SPEC_138,,Like program invariant specification,,,,,,,,
com.foo.RegressionTest0.debug == orig(com.foo.RegressionTest0.debug),Daikon version 5.8.8 invariant spec,,LIKELY_INVARIANT_SPEC_139,,Like program invariant specification,,,,,,,,
com.foo.RegressionTest0.debug == orig(com.foo.RegressionTest0.debug),Daikon version 5.8.8 invariant spec,,LIKELY_INVARIANT_SPEC_140,,Like program invariant specification,,,,,,,,
com.foo.RegressionTest0.debug == orig(com.foo.RegressionTest0.debug),Daikon version 5.8.8 invariant spec,,LIKELY_INVARIANT_SPEC_141,,Like program invariant specification,,,,,,,,
com.foo.RegressionTest0.debug == orig(com.foo.RegressionTest0.debug),Daikon version 5.8.8 invariant spec,,LIKELY_INVARIANT_SPEC_142,,Like program invariant specification,,,,,,,,
com.foo.RegressionTest0.debug == orig(com.foo.RegressionTest0.debug),Daikon version 5.8.8 invariant spec,,LIKELY_INVARIANT_SPEC_143,,Like program invariant specification,,,,,,,,
com.foo.RegressionTest0.debug == orig(com.foo.RegressionTest0.debug),Daikon version 5.8.8 invariant spec,,LIKELY_INVARIANT_SPEC_144,,Like program invariant specification,,,,,,,,
com.foo.RegressionTest0.debug == orig(com.foo.RegressionTest0.debug),Daikon version 5.8.8 invariant spec,,LIKELY_INVARIANT_SPEC_145,,Like program invariant specification,,,,,,,,
com.foo.RegressionTest0.debug == orig(com.foo.RegressionTest0.debug),Daikon version 5.8.8 invariant spec,,LIKELY_INVARIANT_SPEC_146,,Like program invariant specification,,,,,,,,
com.foo.RegressionTest0.debug == orig(com.foo.RegressionTest0.debug),Daikon version 5.8.8 invariant spec,,LIKELY_INVARIANT_SPEC_147,,Like program invariant specification,,,,,,,,
com.foo.RegressionTest0.debug == orig(com.foo.RegressionTest0.debug),Daikon version 5.8.8 invariant spec,,LIKELY_INVARIANT_SPEC_148,,Like program invariant specification,,,,,,,,
com.foo.RegressionTest0.debug == orig(com.foo.RegressionTest0.debug),Daikon version 5.8.8 invariant spec,,LIKELY_INVARIANT_SPEC_149,,Like program invariant specification,,,,,,,,
com.foo.RegressionTest0.debug == orig(com.foo.RegressionTest0.debug),Daikon version 5.8.8 invariant spec,,LIKELY_INVARIANT_SPEC_150,,Like program invariant specification,,,,,,,,
com.foo.RegressionTest0.debug == orig(com.foo.RegressionTest0.debug),Daikon version 5.8.8 invariant spec,,LIKELY_INVARIANT_SPEC_151,,Like program invariant specification,,,,,,,,
com.foo.RegressionTest0.debug == orig(com.foo.RegressionTest0.debug),Daikon version 5.8.8 invariant spec,,LIKELY_INVARIANT_SPEC_152,,Like program invariant specification,,,,,,,,
com.foo.RegressionTest0.debug == orig(com.foo.RegressionTest0.debug),Daikon version 5.8.8 invariant spec,,LIKELY_INVARIANT_SPEC_153,,Like program invariant specification,,,,,,,,
com.foo.RegressionTest0.debug == orig(com.foo.RegressionTest0.debug),Daikon version 5.8.8 invariant spec,,LIKELY_INVARIANT_SPEC_154,,Like program invariant specification,,,,,,,,
com.foo.RegressionTest0.debug == orig(com.foo.RegressionTest0.debug),Daikon version 5.8.8 invariant spec,,LIKELY_INVARIANT_SPEC_155,,Like program invariant specification,,,,,,,,
com.foo.RegressionTest0.debug == orig(com.foo.RegressionTest0.debug),Daikon version 5.8.8 invariant spec,,LIKELY_INVARIANT_SPEC_156,,Like program invariant specification,,,,,,,,
com.foo.RegressionTest0.debug == orig(com.foo.RegressionTest0.debug),Daikon version 5.8.8 invariant spec,,LIKELY_INVARIANT_SPEC_157,,Like program invariant specification,,,,,,,,
com.foo.RegressionTest0.debug == orig(com.foo.RegressionTest0.debug),Daikon version 5.8.8 invariant spec,,LIKELY_INVARIANT_SPEC_158,,Like program invariant specification,,,,,,,,
com.foo.RegressionTest0.debug == orig(com.foo.RegressionTest0.debug),Daikon version 5.8.8 invariant spec,,LIKELY_INVARIANT_SPEC_159,,Like program invariant specification,,,,,,,,
com.foo.RegressionTest0.debug == orig(com.foo.RegressionTest0.debug),Daikon version 5.8.8 invariant spec,,LIKELY_INVARIANT_SPEC_160,,Like program invariant specification,,,,,,,,
com.foo.RegressionTest0.debug == orig(com.foo.RegressionTest0.debug),Daikon version 5.8.8 invariant spec,,LIKELY_INVARIANT_SPEC_161,,Like program invariant specification,,,,,,,,
com.foo.RegressionTest0.debug == orig(com.foo.RegressionTest0.debug),Daikon version 5.8.8 invariant spec,,LIKELY_INVARIANT_SPEC_162,,Like program invariant specification,,,,,,,,
com.foo.RegressionTest0.debug == orig(com.foo.RegressionTest0.debug),Daikon version 5.8.8 invariant spec,,LIKELY_INVARIANT_SPEC_163,,Like program invariant specification,,,,,,,,
com.foo.RegressionTest0.debug == orig(com.foo.RegressionTest0.debug),Daikon version 5.8.8 invariant spec,,LIKELY_INVARIANT_SPEC_164,,Like program invariant specification,,,,,,,,
com.foo.RegressionTest0.debug == orig(com.foo.RegressionTest0.debug),Daikon version 5.8.8 invariant spec,,LIKELY_INVARIANT_SPEC_165,,Like program invariant specification,,,,,,,,
com.foo.RegressionTest0.debug == orig(com.foo.RegressionTest0.debug),Daikon version 5.8.8 invariant spec,,LIKELY_INVARIANT_SPEC_166,,Like program invariant specification,,,,,,,,
com.foo.RegressionTest0.debug == orig(com.foo.RegressionTest0.debug),Daikon version 5.8.8 invariant spec,,LIKELY_INVARIANT_SPEC_167,,Like program invariant specification,,,,,,,,
com.foo.RegressionTest0.debug == orig(com.foo.RegressionTest0.debug),Daikon version 5.8.8 invariant spec,,LIKELY_INVARIANT_SPEC_168,,Like program invariant specification,,,,,,,,
com.foo.RegressionTest0.debug == orig(com.foo.RegressionTest0.debug),Daikon version 5.8.8 invariant spec,,LIKELY_INVARIANT_SPEC_169,,Like program invariant specification,,,,,,,,
com.foo.RegressionTest0.debug == orig(com.foo.RegressionTest0.debug),Daikon version 5.8.8 invariant spec,,LIKELY_INVARIANT_SPEC_170,,Like program invariant specification,,,,,,,,
com.foo.RegressionTest0.debug == orig(com.foo.RegressionTest0.debug),Daikon version 5.8.8 invariant spec,,LIKELY_INVARIANT_SPEC_171,,Like program invariant specification,,,,,,,,
com.foo.RegressionTest0.debug == orig(com.foo.RegressionTest0.debug),Daikon version 5.8.8 invariant spec,,LIKELY_INVARIANT_SPEC_172,,Like program invariant specification,,,,,,,,
com.foo.RegressionTest0.debug == orig(com.foo.RegressionTest0.debug),Daikon version 5.8.8 invariant spec,,LIKELY_INVARIANT_SPEC_173,,Like program invariant specification,,,,,,,,
com.foo.RegressionTest0.debug == orig(com.foo.RegressionTest0.debug),Daikon version 5.8.8 invariant spec,,LIKELY_INVARIANT_SPEC_174,,Like program invariant specification,,,,,,,,
com.foo.RegressionTest0.debug == orig(com.foo.RegressionTest0.debug),Daikon version 5.8.8 invariant spec,,LIKELY_INVARIANT_SPEC_175,,Like program invariant specification,,,,,,,,
com.foo.RegressionTest0.debug == orig(com.foo.RegressionTest0.debug),Daikon version 5.8.8 invariant spec,,LIKELY_INVARIANT_SPEC_176,,Like program invariant specification,,,,,,,,
com.foo.RegressionTest0.debug == orig(com.foo.RegressionTest0.debug),Daikon version 5.8.8 invariant spec,,LIKELY_INVARIANT_SPEC_177,,Like program invariant specification,,,,,,,,
com.foo.RegressionTest0.debug == orig(com.foo.RegressionTest0.debug),Daikon version 5.8.8 invariant spec,,LIKELY_INVARIANT_SPEC_178,,Like program invariant specification,,,,,,,,
com.foo.RegressionTest0.debug == orig(com.foo.RegressionTest0.debug),Daikon version 5.8.8 invariant spec,,LIKELY_INVARIANT_SPEC_179,,Like program invariant specification,,,,,,,,
com.foo.RegressionTest0.debug == orig(com.foo.RegressionTest0.debug),Daikon version 5.8.8 invariant spec,,LIKELY_INVARIANT_SPEC_180,,Like program invariant specification,,,,,,,,
com.foo.RegressionTest0.debug == orig(com.foo.RegressionTest0.debug),Daikon version 5.8.8 invariant spec,,LIKELY_INVARIANT_SPEC_181,,Like program invariant specification,,,,,,,,
com.foo.RegressionTest0.debug == orig(com.foo.RegressionTest0.debug),Daikon version 5.8.8 invariant spec,,LIKELY_INVARIANT_SPEC_182,,Like program invariant specification,,,,,,,,
com.foo.RegressionTest0.debug == orig(com.foo.RegressionTest0.debug),Daikon version 5.8.8 invariant spec,,LIKELY_INVARIANT_SPEC_183,,Like program invariant specification,,,,,,,,
com.foo.RegressionTest0.debug == orig(com.foo.RegressionTest0.debug),Daikon version 5.8.8 invariant spec,,LIKELY_INVARIANT_SPEC_184,,Like program invariant specification,,,,,,,,
com.foo.RegressionTest0.debug == orig(com.foo.RegressionTest0.debug),Daikon version 5.8.8 invariant spec,,LIKELY_INVARIANT_SPEC_185,,Like program invariant specification,,,,,,,,
com.foo.RegressionTest0.debug == orig(com.foo.RegressionTest0.debug),Daikon version 5.8.8 invariant spec,,LIKELY_INVARIANT_SPEC_186,,Like program invariant specification,,,,,,,,
com.foo.RegressionTest0.debug == orig(com.foo.RegressionTest0.debug),Daikon version 5.8.8 invariant spec,,LIKELY_INVARIANT_SPEC_187,,Like program invariant specification,,,,,,,,
com.foo.RegressionTest0.debug == orig(com.foo.RegressionTest0.debug),Daikon version 5.8.8 invariant spec,,LIKELY_INVARIANT_SPEC_188,,Like program invariant specification,,,,,,,,
com.foo.RegressionTest0.debug == orig(com.foo.RegressionTest0.debug),Daikon version 5.8.8 invariant spec,,LIKELY_INVARIANT_SPEC_189,,Like program invariant specification,,,,,,,,
com.foo.RegressionTest0.debug == orig(com.foo.RegressionTest0.debug),Daikon version 5.8.8 invariant spec,,LIKELY_INVARIANT_SPEC_190,,Like program invariant specification,,,,,,,,
com.foo.RegressionTest0.debug == orig(com.foo.RegressionTest0.debug),Daikon version 5.8.8 invariant spec,,LIKELY_INVARIANT_SPEC_191,,Like program invariant specification,,,,,,,,
com.foo.RegressionTest0.debug == orig(com.foo.RegressionTest0.debug),Daikon version 5.8.8 invariant spec,,LIKELY_INVARIANT_SPEC_192,,Like program invariant specification,,,,,,,,
com.foo.RegressionTest0.debug == orig(com.foo.RegressionTest0.debug),Daikon version 5.8.8 invariant spec,,LIKELY_INVARIANT_SPEC_193,,Like program invariant specification,,,,,,,,
com.foo.RegressionTest0.debug == orig(com.foo.RegressionTest0.debug),Daikon version 5.8.8 invariant spec,,LIKELY_INVARIANT_SPEC_194,,Like program invariant specification,,,,,,,,
com.foo.RegressionTest0.debug == orig(com.foo.RegressionTest0.debug),Daikon version 5.8.8 invariant spec,,LIKELY_INVARIANT_SPEC_195,,Like program invariant specification,,,,,,,,
com.foo.RegressionTest0.debug == orig(com.foo.RegressionTest0.debug),Daikon version 5.8.8 invariant spec,,LIKELY_INVARIANT_SPEC_196,,Like program invariant specification,,,,,,,,
com.foo.RegressionTest0.debug == orig(com.foo.RegressionTest0.debug),Daikon version 5.8.8 invariant spec,,LIKELY_INVARIANT_SPEC_197,,Like program invariant specification,,,,,,,,
com.foo.RegressionTest0.debug == orig(com.foo.RegressionTest0.debug),Daikon version 5.8.8 invariant spec,,LIKELY_INVARIANT_SPEC_198,,Like program invariant specification,,,,,,,,
com.foo.RegressionTest0.debug == orig(com.foo.RegressionTest0.debug),Daikon version 5.8.8 invariant spec,,LIKELY_INVARIANT_SPEC_199,,Like program invariant specification,,,,,,,,
com.foo.RegressionTest0.debug == orig(com.foo.RegressionTest0.debug),Daikon version 5.8.8 invariant spec,,LIKELY_INVARIANT_SPEC_200,,Like program invariant specification,,,,,,,,
com.foo.RegressionTest0.debug == orig(com.foo.RegressionTest0.debug),Daikon version 5.8.8 invariant spec,,LIKELY_INVARIANT_SPEC_201,,Like program invariant specification,,,,,,,,
com.foo.RegressionTest0.debug == orig(com.foo.RegressionTest0.debug),Daikon version 5.8.8 invariant spec,,LIKELY_INVARIANT_SPEC_202,,Like program invariant specification,,,,,,,,
com.foo.RegressionTest0.debug == orig(com.foo.RegressionTest0.debug),Daikon version 5.8.8 invariant spec,,LIKELY_INVARIANT_SPEC_203,,Like program invariant specification,,,,,,,,
com.foo.RegressionTest0.debug == orig(com.foo.RegressionTest0.debug),Daikon version 5.8.8 invariant spec,,LIKELY_INVARIANT_SPEC_204,,Like program invariant specification,,,,,,,,
com.foo.RegressionTest0.debug == orig(com.foo.RegressionTest0.debug),Daikon version 5.8.8 invariant spec,,LIKELY_INVARIANT_SPEC_205,,Like program invariant specification,,,,,,,,
com.foo.RegressionTest0.debug == orig(com.foo.RegressionTest0.debug),Daikon version 5.8.8 invariant spec,,LIKELY_INVARIANT_SPEC_206,,Like program invariant specification,,,,,,,,
com.foo.RegressionTest0.debug == orig(com.foo.RegressionTest0.debug),Daikon version 5.8.8 invariant spec,,LIKELY_INVARIANT_SPEC_207,,Like program invariant specification,,,,,,,,
com.foo.RegressionTest0.debug == orig(com.foo.RegressionTest0.debug),Daikon version 5.8.8 invariant spec,,LIKELY_INVARIANT_SPEC_208,,Like program invariant specification,,,,,,,,
com.foo.RegressionTest0.debug == orig(com.foo.RegressionTest0.debug),Daikon version 5.8.8 invariant spec,,LIKELY_INVARIANT_SPEC_209,,Like program invariant specification,,,,,,,,
com.foo.RegressionTest0.debug == orig(com.foo.RegressionTest0.debug),Daikon version 5.8.8 invariant spec,,LIKELY_INVARIANT_SPEC_210,,Like program invariant specification,,,,,,,,
com.foo.RegressionTest0.debug == orig(com.foo.RegressionTest0.debug),Daikon version 5.8.8 invariant spec,,LIKELY_INVARIANT_SPEC_211,,Like program invariant specification,,,,,,,,
com.foo.RegressionTest0.debug == orig(com.foo.RegressionTest0.debug),Daikon version 5.8.8 invariant spec,,LIKELY_INVARIANT_SPEC_212,,Like program invariant specification,,,,,,,,
com.foo.RegressionTest0.debug == orig(com.foo.RegressionTest0.debug),Daikon version 5.8.8 invariant spec,,LIKELY_INVARIANT_SPEC_213,,Like program invariant specification,,,,,,,,
com.foo.RegressionTest0.debug == orig(com.foo.RegressionTest0.debug),Daikon version 5.8.8 invariant spec,,LIKELY_INVARIANT_SPEC_214,,Like program invariant specification,,,,,,,,
com.foo.RegressionTest0.debug == orig(com.foo.RegressionTest0.debug),Daikon version 5.8.8 invariant spec,,LIKELY_INVARIANT_SPEC_215,,Like program invariant specification,,,,,,,,
com.foo.RegressionTest0.debug == orig(com.foo.RegressionTest0.debug),Daikon version 5.8.8 invariant spec,,LIKELY_INVARIANT_SPEC_216,,Like program invariant specification,,,,,,,,
com.foo.RegressionTest0.debug == orig(com.foo.RegressionTest0.debug),Daikon version 5.8.8 invariant spec,,LIKELY_INVARIANT_SPEC_217,,Like program invariant specification,,,,,,,,
com.foo.RegressionTest0.debug == orig(com.foo.RegressionTest0.debug),Daikon version 5.8.8 invariant spec,,LIKELY_INVARIANT_SPEC_218,,Like program invariant specification,,,,,,,,
com.foo.RegressionTest0.debug == orig(com.foo.RegressionTest0.debug),Daikon version 5.8.8 invariant spec,,LIKELY_INVARIANT_SPEC_219,,Like program invariant specification,,,,,,,,
com.foo.RegressionTest0.debug == orig(com.foo.RegressionTest0.debug),Daikon version 5.8.8 invariant spec,,LIKELY_INVARIANT_SPEC_220,,Like program invariant specification,,,,,,,,
com.foo.RegressionTest0.debug == orig(com.foo.RegressionTest0.debug),Daikon version 5.8.8 invariant spec,,LIKELY_INVARIANT_SPEC_221,,Like program invariant specification,,,,,,,,
com.foo.RegressionTest0.debug == orig(com.foo.RegressionTest0.debug),Daikon version 5.8.8 invariant spec,,LIKELY_INVARIANT_SPEC_222,,Like program invariant specification,,,,,,,,
com.foo.RegressionTest0.debug == orig(com.foo.RegressionTest0.debug),Daikon version 5.8.8 invariant spec,,LIKELY_INVARIANT_SPEC_223,,Like program invariant specification,,,,,,,,
com.foo.RegressionTest0.debug == orig(com.foo.RegressionTest0.debug),Daikon version 5.8.8 invariant spec,,LIKELY_INVARIANT_SPEC_224,,Like program invariant specification,,,,,,,,
com.foo.RegressionTest0.debug == orig(com.foo.RegressionTest0.debug),Daikon version 5.8.8 invariant spec,,LIKELY_INVARIANT_SPEC_225,,Like program invariant specification,,,,,,,,
com.foo.RegressionTest0.debug == orig(com.foo.RegressionTest0.debug),Daikon version 5.8.8 invariant spec,,LIKELY_INVARIANT_SPEC_226,,Like program invariant specification,,,,,,,,
com.foo.RegressionTest0.debug == orig(com.foo.RegressionTest0.debug),Daikon version 5.8.8 invariant spec,,LIKELY_INVARIANT_SPEC_227,,Like program invariant specification,,,,,,,,
com.foo.RegressionTest0.debug == orig(com.foo.RegressionTest0.debug),Daikon version 5.8.8 invariant spec,,LIKELY_INVARIANT_SPEC_228,,Like program invariant specification,,,,,,,,
com.foo.RegressionTest0.debug == orig(com.foo.RegressionTest0.debug),Daikon version 5.8.8 invariant spec,,LIKELY_INVARIANT_SPEC_229,,Like program invariant specification,,,,,,,,
com.foo.RegressionTest0.debug == orig(com.foo.RegressionTest0.debug),Daikon version 5.8.8 invariant spec,,LIKELY_INVARIANT_SPEC_230,,Like program invariant specification,,,,,,,,
com.foo.RegressionTest0.debug == orig(com.foo.RegressionTest0.debug),Daikon version 5.8.8 invariant spec,,LIKELY_INVARIANT_SPEC_231,,Like program invariant specification,,,,,,,,
com.foo.RegressionTest0.debug == orig(com.foo.RegressionTest0.debug),Daikon version 5.8.8 invariant spec,,LIKELY_INVARIANT_SPEC_232,,Like program invariant specification,,,,,,,,
com.foo.RegressionTest0.debug == orig(com.foo.RegressionTest0.debug),Daikon version 5.8.8 invariant spec,,LIKELY_INVARIANT_SPEC_233,,Like program invariant specification,,,,,,,,
com.foo.RegressionTest0.debug == orig(com.foo.RegressionTest0.debug),Daikon version 5.8.8 invariant spec,,LIKELY_INVARIANT_SPEC_234,,Like program invariant specification,,,,,,,,
com.foo.RegressionTest0.debug == orig(com.foo.RegressionTest0.debug),Daikon version 5.8.8 invariant spec,,LIKELY_INVARIANT_SPEC_235,,Like program invariant specification,,,,,,,,
com.foo.RegressionTest0.debug == orig(com.foo.RegressionTest0.debug),Daikon version 5.8.8 invariant spec,,LIKELY_INVARIANT_SPEC_236,,Like program invariant specification,,,,,,,,
com.foo.RegressionTest0.debug == orig(com.foo.RegressionTest0.debug),Daikon version 5.8.8 invariant spec,,LIKELY_INVARIANT_SPEC_237,,Like program invariant specification,,,,,,,,
com.foo.RegressionTest0.debug == orig(com.foo.RegressionTest0.debug),Daikon version 5.8.8 invariant spec,,LIKELY_INVARIANT_SPEC_238,,Like program invariant specification,,,,,,,,
com.foo.RegressionTest0.debug == orig(com.foo.RegressionTest0.debug),Daikon version 5.8.8 invariant spec,,LIKELY_INVARIANT_SPEC_239,,Like program invariant specification,,,,,,,,
com.foo.RegressionTest0.debug == orig(com.foo.RegressionTest0.debug),Daikon version 5.8.8 invariant spec,,LIKELY_INVARIANT_SPEC_240,,Like program invariant specification,,,,,,,,
com.foo.RegressionTest0.debug == orig(com.foo.RegressionTest0.debug),Daikon version 5.8.8 invariant spec,,LIKELY_INVARIANT_SPEC_241,,Like program invariant specification,,,,,,,,
com.foo.RegressionTest0.debug == orig(com.foo.RegressionTest0.debug),Daikon version 5.8.8 invariant spec,,LIKELY_INVARIANT_SPEC_242,,Like program invariant specification,,,,,,,,
com.foo.RegressionTest0.debug == orig(com.foo.RegressionTest0.debug),Daikon version 5.8.8 invariant spec,,LIKELY_INVARIANT_SPEC_243,,Like program invariant specification,,,,,,,,
com.foo.RegressionTest0.debug == orig(com.foo.RegressionTest0.debug),Daikon version 5.8.8 invariant spec,,LIKELY_INVARIANT_SPEC_244,,Like program invariant specification,,,,,,,,
com.foo.RegressionTest0.debug == orig(com.foo.RegressionTest0.debug),Daikon version 5.8.8 invariant spec,,LIKELY_INVARIANT_SPEC_245,,Like program invariant specification,,,,,,,,
com.foo.RegressionTest0.debug == orig(com.foo.RegressionTest0.debug),Daikon version 5.8.8 invariant spec,,LIKELY_INVARIANT_SPEC_246,,Like program invariant specification,,,,,,,,
com.foo.RegressionTest0.debug == orig(com.foo.RegressionTest0.debug),Daikon version 5.8.8 invariant spec,,LIKELY_INVARIANT_SPEC_247,,Like program invariant specification,,,,,,,,
com.foo.RegressionTest0.debug == orig(com.foo.RegressionTest0.debug),Daikon version 5.8.8 invariant spec,,LIKELY_INVARIANT_SPEC_248,,Like program invariant specification,,,,,,,,
com.foo.RegressionTest0.debug == orig(com.foo.RegressionTest0.debug),Daikon version 5.8.8 invariant spec,,LIKELY_INVARIANT_SPEC_249,,Like program invariant specification,,,,,,,,
com.foo.RegressionTest0.debug == orig(com.foo.RegressionTest0.debug),Daikon version 5.8.8 invariant spec,,LIKELY_INVARIANT_SPEC_250,,Like program invariant specification,,,,,,,,
com.foo.RegressionTest0.debug == orig(com.foo.RegressionTest0.debug),Daikon version 5.8.8 invariant spec,,LIKELY_INVARIANT_SPEC_251,,Like program invariant specification,,,,,,,,
com.foo.RegressionTest0.debug == orig(com.foo.RegressionTest0.debug),Daikon version 5.8.8 invariant spec,,LIKELY_INVARIANT_SPEC_252,,Like program invariant specification,,,,,,,,
com.foo.RegressionTest0.debug == orig(com.foo.RegressionTest0.debug),Daikon version 5.8.8 invariant spec,,LIKELY_INVARIANT_SPEC_253,,Like program invariant specification,,,,,,,,
com.foo.RegressionTest0.debug == orig(com.foo.RegressionTest0.debug),Daikon version 5.8.8 invariant spec,,LIKELY_INVARIANT_SPEC_254,,Like program invariant specification,,,,,,,,
com.foo.RegressionTest0.debug == orig(com.foo.RegressionTest0.debug),Daikon version 5.8.8 invariant spec,,LIKELY_INVARIANT_SPEC_255,,Like program invariant specification,,,,,,,,
com.foo.RegressionTest0.debug == orig(com.foo.RegressionTest0.debug),Daikon version 5.8.8 invariant spec,,LIKELY_INVARIANT_SPEC_256,,Like program invariant specification,,,,,,,,
com.foo.RegressionTest0.debug == orig(com.foo.RegressionTest0.debug),Daikon version 5.8.8 invariant spec,,LIKELY_INVARIANT_SPEC_257,,Like program invariant specification,,,,,,,,
com.foo.RegressionTest0.debug == orig(com.foo.RegressionTest0.debug),Daikon version 5.8.8 invariant spec,,LIKELY_INVARIANT_SPEC_258,,Like program invariant specification,,,,,,,,
com.foo.RegressionTest0.debug == orig(com.foo.RegressionTest0.debug),Daikon version 5.8.8 invariant spec,,LIKELY_INVARIANT_SPEC_259,,Like program invariant specification,,,,,,,,
com.foo.RegressionTest0.debug == orig(com.foo.RegressionTest0.debug),Daikon version 5.8.8 invariant spec,,LIKELY_INVARIANT_SPEC_260,,Like program invariant specification,,,,,,,,
com.foo.RegressionTest0.debug == orig(com.foo.RegressionTest0.debug),Daikon version 5.8.8 invariant spec,,LIKELY_INVARIANT_SPEC_261,,Like program invariant specification,,,,,,,,
com.foo.RegressionTest0.debug == orig(com.foo.RegressionTest0.debug),Daikon version 5.8.8 invariant spec,,LIKELY_INVARIANT_SPEC_262,,Like program invariant specification,,,,,,,,
com.foo.RegressionTest0.debug == orig(com.foo.RegressionTest0.debug),Daikon version 5.8.8 invariant spec,,LIKELY_INVARIANT_SPEC_263,,Like program invariant specification,,,,,,,,
com.foo.RegressionTest0.debug == orig(com.foo.RegressionTest0.debug),Daikon version 5.8.8 invariant spec,,LIKELY_INVARIANT_SPEC_264,,Like program invariant specification,,,,,,,,
com.foo.RegressionTest0.debug == orig(com.foo.RegressionTest0.debug),Daikon version 5.8.8 invariant spec,,LIKELY_INVARIANT_SPEC_265,,Like program invariant specification,,,,,,,,
com.foo.RegressionTest0.debug == orig(com.foo.RegressionTest0.debug),Daikon version 5.8.8 invariant spec,,LIKELY_INVARIANT_SPEC_266,,Like program invariant specification,,,,,,,,
com.foo.RegressionTest0.debug == orig(com.foo.RegressionTest0.debug),Daikon version 5.8.8 invariant spec,,LIKELY_INVARIANT_SPEC_267,,Like program invariant specification,,,,,,,,
com.foo.RegressionTest0.debug == orig(com.foo.RegressionTest0.debug),Daikon version 5.8.8 invariant spec,,LIKELY_INVARIANT_SPEC_268,,Like program invariant specification,,,,,,,,
com.foo.RegressionTest0.debug == orig(com.foo.RegressionTest0.debug),Daikon version 5.8.8 invariant spec,,LIKELY_INVARIANT_SPEC_269,,Like program invariant specification,,,,,,,,
com.foo.RegressionTest0.debug == orig(com.foo.RegressionTest0.debug),Daikon version 5.8.8 invariant spec,,LIKELY_INVARIANT_SPEC_270,,Like program invariant specification,,,,,,,,
com.foo.RegressionTest0.debug == orig(com.foo.RegressionTest0.debug),Daikon version 5.8.8 invariant spec,,LIKELY_INVARIANT_SPEC_271,,Like program invariant specification,,,,,,,,
com.foo.RegressionTest0.debug == orig(com.foo.RegressionTest0.debug),Daikon version 5.8.8 invariant spec,,LIKELY_INVARIANT_SPEC_272,,Like program invariant specification,,,,,,,,
com.foo.RegressionTest0.debug == orig(com.foo.RegressionTest0.debug),Daikon version 5.8.8 invariant spec,,LIKELY_INVARIANT_SPEC_273,,Like program invariant specification,,,,,,,,
com.foo.RegressionTest0.debug == orig(com.foo.RegressionTest0.debug),Daikon version 5.8.8 invariant spec,,LIKELY_INVARIANT_SPEC_274,,Like program invariant specification,,,,,,,,
com.foo.RegressionTest0.debug == orig(com.foo.RegressionTest0.debug),Daikon version 5.8.8 invariant spec,,LIKELY_INVARIANT_SPEC_275,,Like program invariant specification,,,,,,,,
com.foo.RegressionTest0.debug == orig(com.foo.RegressionTest0.debug),Daikon version 5.8.8 invariant spec,,LIKELY_INVARIANT_SPEC_276,,Like program invariant specification,,,,,,,,
com.foo.RegressionTest0.debug == orig(com.foo.RegressionTest0.debug),Daikon version 5.8.8 invariant spec,,LIKELY_INVARIANT_SPEC_277,,Like program invariant specification,,,,,,,,
com.foo.RegressionTest0.debug == orig(com.foo.RegressionTest0.debug),Daikon version 5.8.8 invariant spec,,LIKELY_INVARIANT_SPEC_278,,Like program invariant specification,,,,,,,,
com.foo.RegressionTest0.debug == orig(com.foo.RegressionTest0.debug),Daikon version 5.8.8 invariant spec,,LIKELY_INVARIANT_SPEC_279,,Like program invariant specification,,,,,,,,
com.foo.RegressionTest0.debug == orig(com.foo.RegressionTest0.debug),Daikon version 5.8.8 invariant spec,,LIKELY_INVARIANT_SPEC_280,,Like program invariant specification,,,,,,,,
com.foo.RegressionTest0.debug == orig(com.foo.RegressionTest0.debug),Daikon version 5.8.8 invariant spec,,LIKELY_INVARIANT_SPEC_281,,Like program invariant specification,,,,,,,,
com.foo.RegressionTest0.debug == orig(com.foo.RegressionTest0.debug),Daikon version 5.8.8 invariant spec,,LIKELY_INVARIANT_SPEC_282,,Like program invariant specification,,,,,,,,
com.foo.RegressionTest0.debug == orig(com.foo.RegressionTest0.debug),Daikon version 5.8.8 invariant spec,,LIKELY_INVARIANT_SPEC_283,,Like program invariant specification,,,,,,,,
com.foo.RegressionTest0.debug == orig(com.foo.RegressionTest0.debug),Daikon version 5.8.8 invariant spec,,LIKELY_INVARIANT_SPEC_284,,Like program invariant specification,,,,,,,,
com.foo.RegressionTest0.debug == orig(com.foo.RegressionTest0.debug),Daikon version 5.8.8 invariant spec,,LIKELY_INVARIANT_SPEC_285,,Like program invariant specification,,,,,,,,
com.foo.RegressionTest0.debug == orig(com.foo.RegressionTest0.debug),Daikon version 5.8.8 invariant spec,,LIKELY_INVARIANT_SPEC_286,,Like program invariant specification,,,,,,,,
com.foo.RegressionTest0.debug == orig(com.foo.RegressionTest0.debug),Daikon version 5.8.8 invariant spec,,LIKELY_INVARIANT_SPEC_287,,Like program invariant specification,,,,,,,,
com.foo.RegressionTest0.debug == orig(com.foo.RegressionTest0.debug),Daikon version 5.8.8 invariant spec,,LIKELY_INVARIANT_SPEC_288,,Like program invariant specification,,,,,,,,
com.foo.RegressionTest0.debug == orig(com.foo.RegressionTest0.debug),Daikon version 5.8.8 invariant spec,,LIKELY_INVARIANT_SPEC_289,,Like program invariant specification,,,,,,,,
com.foo.RegressionTest0.debug == orig(com.foo.RegressionTest0.debug),Daikon version 5.8.8 invariant spec,,LIKELY_INVARIANT_SPEC_290,,Like program invariant specification,,,,,,,,
com.foo.RegressionTest0.debug == orig(com.foo.RegressionTest0.debug),Daikon version 5.8.8 invariant spec,,LIKELY_INVARIANT_SPEC_291,,Like program invariant specification,,,,,,,,
com.foo.RegressionTest0.debug == orig(com.foo.RegressionTest0.debug),Daikon version 5.8.8 invariant spec,,LIKELY_INVARIANT_SPEC_292,,Like program invariant specification,,,,,,,,
com.foo.RegressionTest0.debug == orig(com.foo.RegressionTest0.debug),Daikon version 5.8.8 invariant spec,,LIKELY_INVARIANT_SPEC_293,,Like program invariant specification,,,,,,,,
com.foo.RegressionTest0.debug == orig(com.foo.RegressionTest0.debug),Daikon version 5.8.8 invariant spec,,LIKELY_INVARIANT_SPEC_294,,Like program invariant specification,,,,,,,,
com.foo.RegressionTest0.debug == orig(com.foo.RegressionTest0.debug),Daikon version 5.8.8 invariant spec,,LIKELY_INVARIANT_SPEC_295,,Like program invariant specification,,,,,,,,
com.foo.RegressionTest0.debug == orig(com.foo.RegressionTest0.debug),Daikon version 5.8.8 invariant spec,,LIKELY_INVARIANT_SPEC_296,,Like program invariant specification,,,,,,,,
com.foo.RegressionTest0.debug == orig(com.foo.RegressionTest0.debug),Daikon version 5.8.8 invariant spec,,LIKELY_INVARIANT_SPEC_297,,Like program invariant specification,,,,,,,,
com.foo.RegressionTest0.debug == orig(com.foo.RegressionTest0.debug),Daikon version 5.8.8 invariant spec,,LIKELY_INVARIANT_SPEC_298,,Like program invariant specification,,,,,,,,
com.foo.RegressionTest0.debug == orig(com.foo.RegressionTest0.debug),Daikon version 5.8.8 invariant spec,,LIKELY_INVARIANT_SPEC_299,,Like program invariant specification,,,,,,,,
com.foo.RegressionTest0.debug == orig(com.foo.RegressionTest0.debug),Daikon version 5.8.8 invariant spec,,LIKELY_INVARIANT_SPEC_300,,Like program invariant specification,,,,,,,,
com.foo.RegressionTest0.debug == orig(com.foo.RegressionTest0.debug),Daikon version 5.8.8 invariant spec,,LIKELY_INVARIANT_SPEC_301,,Like program invariant specification,,,,,,,,
com.foo.RegressionTest0.debug == orig(com.foo.RegressionTest0.debug),Daikon version 5.8.8 invariant spec,,LIKELY_INVARIANT_SPEC_302,,Like program invariant specification,,,,,,,,
com.foo.RegressionTest0.debug == orig(com.foo.RegressionTest0.debug),Daikon version 5.8.8 invariant spec,,LIKELY_INVARIANT_SPEC_303,,Like program invariant specification,,,,,,,,
com.foo.RegressionTest0.debug == orig(com.foo.RegressionTest0.debug),Daikon version 5.8.8 invariant spec,,LIKELY_INVARIANT_SPEC_304,,Like program invariant specification,,,,,,,,
com.foo.RegressionTest0.debug == orig(com.foo.RegressionTest0.debug),Daikon version 5.8.8 invariant spec,,LIKELY_INVARIANT_SPEC_305,,Like program invariant specification,,,,,,,,
com.foo.RegressionTest0.debug == orig(com.foo.RegressionTest0.debug),Daikon version 5.8.8 invariant spec,,LIKELY_INVARIANT_SPEC_306,,Like program invariant specification,,,,,,,,
com.foo.RegressionTest0.debug == orig(com.foo.RegressionTest0.debug),Daikon version 5.8.8 invariant spec,,LIKELY_INVARIANT_SPEC_307,,Like program invariant specification,,,,,,,,
com.foo.RegressionTest0.debug == orig(com.foo.RegressionTest0.debug),Daikon version 5.8.8 invariant spec,,LIKELY_INVARIANT_SPEC_308,,Like program invariant specification,,,,,,,,
com.foo.RegressionTest0.debug == orig(com.foo.RegressionTest0.debug),Daikon version 5.8.8 invariant spec,,LIKELY_INVARIANT_SPEC_309,,Like program invariant specification,,,,,,,,
com.foo.RegressionTest0.debug == orig(com.foo.RegressionTest0.debug),Daikon version 5.8.8 invariant spec,,LIKELY_INVARIANT_SPEC_310,,Like program invariant specification,,,,,,,,
com.foo.RegressionTest0.debug == orig(com.foo.RegressionTest0.debug),Daikon version 5.8.8 invariant spec,,LIKELY_INVARIANT_SPEC_311,,Like program invariant specification,,,,,,,,
com.foo.RegressionTest0.debug == orig(com.foo.RegressionTest0.debug),Daikon version 5.8.8 invariant spec,,LIKELY_INVARIANT_SPEC_312,,Like program invariant specification,,,,,,,,
com.foo.RegressionTest0.debug == orig(com.foo.RegressionTest0.debug),Daikon version 5.8.8 invariant spec,,LIKELY_INVARIANT_SPEC_313,,Like program invariant specification,,,,,,,,
com.foo.RegressionTest0.debug == orig(com.foo.RegressionTest0.debug),Daikon version 5.8.8 invariant spec,,LIKELY_INVARIANT_SPEC_314,,Like program invariant specification,,,,,,,,
com.foo.RegressionTest0.debug == orig(com.foo.RegressionTest0.debug),Daikon version 5.8.8 invariant spec,,LIKELY_INVARIANT_SPEC_315,,Like program invariant specification,,,,,,,,
com.foo.RegressionTest0.debug == orig(com.foo.RegressionTest0.debug),Daikon version 5.8.8 invariant spec,,LIKELY_INVARIANT_SPEC_316,,Like program invariant specification,,,,,,,,
com.foo.RegressionTest0.debug == orig(com.foo.RegressionTest0.debug),Daikon version 5.8.8 invariant spec,,LIKELY_INVARIANT_SPEC_317,,Like program invariant specification,,,,,,,,
com.foo.RegressionTest0.debug == orig(com.foo.RegressionTest0.debug),Daikon version 5.8.8 invariant spec,,LIKELY_INVARIANT_SPEC_318,,Like program invariant specification,,,,,,,,
com.foo.RegressionTest0.debug == orig(com.foo.RegressionTest0.debug),Daikon version 5.8.8 invariant spec,,LIKELY_INVARIANT_SPEC_319,,Like program invariant specification,,,,,,,,
com.foo.RegressionTest0.debug == orig(com.foo.RegressionTest0.debug),Daikon version 5.8.8 invariant spec,,LIKELY_INVARIANT_SPEC_320,,Like program invariant specification,,,,,,,,
com.foo.RegressionTest0.debug == orig(com.foo.RegressionTest0.debug),Daikon version 5.8.8 invariant spec,,LIKELY_INVARIANT_SPEC_321,,Like program invariant specification,,,,,,,,
com.foo.RegressionTest0.debug == orig(com.foo.RegressionTest0.debug),Daikon version 5.8.8 invariant spec,,LIKELY_INVARIANT_SPEC_322,,Like program invariant specification,,,,,,,,
com.foo.RegressionTest0.debug == orig(com.foo.RegressionTest0.debug),Daikon version 5.8.8 invariant spec,,LIKELY_INVARIANT_SPEC_323,,Like program invariant specification,,,,,,,,
