classesCount,invariantCount,testsCount,description,generatedAtTime,identifier,invalidatedAtTime,title,likelyInvariants_identifier,producedBy_identifier,supportFiles_identifier,testDriver_identifier,verifies_identifier,definedIn_identifier,dataInsertedBy_identifier,wasAttributedTo_identifier,wasDerivedFrom_identifier,wasGeneratedBy_identifier,wasImpactedBy_identifier,wasRevisionOf_identifier
2,3,3,Daikon version 5.8.8 output data,,Daikon_5_8_8_OUT,,Daikon version 5.8.8 invariant detection,LIKELY_INVARIANT_SPEC_0,,,,,,,,,,,
2,3,3,Daikon version 5.8.8 output data,,Daikon_5_8_8_OUT,,Daikon version 5.8.8 invariant detection,LIKELY_INVARIANT_SPEC_1,,,,,,,,,,,
2,3,3,Daikon version 5.8.8 output data,,Daikon_5_8_8_OUT,,Daikon version 5.8.8 invariant detection,LIKELY_INVARIANT_SPEC_2,,,,,,,,,,,
2,3,3,Daikon version 5.8.8 output data,,Daikon_5_8_8_OUT,,Daikon version 5.8.8 invariant detection,LIKELY_INVARIANT_SPEC_3,,,,,,,,,,,
2,3,3,Daikon version 5.8.8 output data,,Daikon_5_8_8_OUT,,Daikon version 5.8.8 invariant detection,LIKELY_INVARIANT_SPEC_4,,,,,,,,,,,
2,3,3,Daikon version 5.8.8 output data,,Daikon_5_8_8_OUT,,Daikon version 5.8.8 invariant detection,LIKELY_INVARIANT_SPEC_5,,,,,,,,,,,
2,3,3,Daikon version 5.8.8 output data,,Daikon_5_8_8_OUT,,Daikon version 5.8.8 invariant detection,LIKELY_INVARIANT_SPEC_6,,,,,,,,,,,
2,3,3,Daikon version 5.8.8 output data,,Daikon_5_8_8_OUT,,Daikon version 5.8.8 invariant detection,LIKELY_INVARIANT_SPEC_7,,,,,,,,,,,
2,3,3,Daikon version 5.8.8 output data,,Daikon_5_8_8_OUT,,Daikon version 5.8.8 invariant detection,LIKELY_INVARIANT_SPEC_8,,,,,,,,,,,
2,3,3,Daikon version 5.8.8 output data,,Daikon_5_8_8_OUT,,Daikon version 5.8.8 invariant detection,LIKELY_INVARIANT_SPEC_9,,,,,,,,,,,
2,3,3,Daikon version 5.8.8 output data,,Daikon_5_8_8_OUT,,Daikon version 5.8.8 invariant detection,LIKELY_INVARIANT_SPEC_10,,,,,,,,,,,
2,3,3,Daikon version 5.8.8 output data,,Daikon_5_8_8_OUT,,Daikon version 5.8.8 invariant detection,LIKELY_INVARIANT_SPEC_11,,,,,,,,,,,
2,3,3,Daikon version 5.8.8 output data,,Daikon_5_8_8_OUT,,Daikon version 5.8.8 invariant detection,LIKELY_INVARIANT_SPEC_12,,,,,,,,,,,
2,3,3,Daikon version 5.8.8 output data,,Daikon_5_8_8_OUT,,Daikon version 5.8.8 invariant detection,LIKELY_INVARIANT_SPEC_13,,,,,,,,,,,
2,3,3,Daikon version 5.8.8 output data,,Daikon_5_8_8_OUT,,Daikon version 5.8.8 invariant detection,LIKELY_INVARIANT_SPEC_14,,,,,,,,,,,
2,3,3,Daikon version 5.8.8 output data,,Daikon_5_8_8_OUT,,Daikon version 5.8.8 invariant detection,LIKELY_INVARIANT_SPEC_15,,,,,,,,,,,
2,3,3,Daikon version 5.8.8 output data,,Daikon_5_8_8_OUT,,Daikon version 5.8.8 invariant detection,LIKELY_INVARIANT_SPEC_16,,,,,,,,,,,
2,3,3,Daikon version 5.8.8 output data,,Daikon_5_8_8_OUT,,Daikon version 5.8.8 invariant detection,LIKELY_INVARIANT_SPEC_17,,,,,,,,,,,
2,3,3,Daikon version 5.8.8 output data,,Daikon_5_8_8_OUT,,Daikon version 5.8.8 invariant detection,LIKELY_INVARIANT_SPEC_18,,,,,,,,,,,
2,3,3,Daikon version 5.8.8 output data,,Daikon_5_8_8_OUT,,Daikon version 5.8.8 invariant detection,LIKELY_INVARIANT_SPEC_19,,,,,,,,,,,
2,3,3,Daikon version 5.8.8 output data,,Daikon_5_8_8_OUT,,Daikon version 5.8.8 invariant detection,LIKELY_INVARIANT_SPEC_20,,,,,,,,,,,
2,3,3,Daikon version 5.8.8 output data,,Daikon_5_8_8_OUT,,Daikon version 5.8.8 invariant detection,LIKELY_INVARIANT_SPEC_21,,,,,,,,,,,
2,3,3,Daikon version 5.8.8 output data,,Daikon_5_8_8_OUT,,Daikon version 5.8.8 invariant detection,LIKELY_INVARIANT_SPEC_22,,,,,,,,,,,
2,3,3,Daikon version 5.8.8 output data,,Daikon_5_8_8_OUT,,Daikon version 5.8.8 invariant detection,LIKELY_INVARIANT_SPEC_23,,,,,,,,,,,
2,3,3,Daikon version 5.8.8 output data,,Daikon_5_8_8_OUT,,Daikon version 5.8.8 invariant detection,LIKELY_INVARIANT_SPEC_24,,,,,,,,,,,
2,3,3,Daikon version 5.8.8 output data,,Daikon_5_8_8_OUT,,Daikon version 5.8.8 invariant detection,LIKELY_INVARIANT_SPEC_25,,,,,,,,,,,
2,3,3,Daikon version 5.8.8 output data,,Daikon_5_8_8_OUT,,Daikon version 5.8.8 invariant detection,LIKELY_INVARIANT_SPEC_26,,,,,,,,,,,
2,3,3,Daikon version 5.8.8 output data,,Daikon_5_8_8_OUT,,Daikon version 5.8.8 invariant detection,LIKELY_INVARIANT_SPEC_27,,,,,,,,,,,
2,3,3,Daikon version 5.8.8 output data,,Daikon_5_8_8_OUT,,Daikon version 5.8.8 invariant detection,LIKELY_INVARIANT_SPEC_28,,,,,,,,,,,
2,3,3,Daikon version 5.8.8 output data,,Daikon_5_8_8_OUT,,Daikon version 5.8.8 invariant detection,LIKELY_INVARIANT_SPEC_29,,,,,,,,,,,
2,3,3,Daikon version 5.8.8 output data,,Daikon_5_8_8_OUT,,Daikon version 5.8.8 invariant detection,LIKELY_INVARIANT_SPEC_30,,,,,,,,,,,
2,3,3,Daikon version 5.8.8 output data,,Daikon_5_8_8_OUT,,Daikon version 5.8.8 invariant detection,LIKELY_INVARIANT_SPEC_31,,,,,,,,,,,
2,3,3,Daikon version 5.8.8 output data,,Daikon_5_8_8_OUT,,Daikon version 5.8.8 invariant detection,LIKELY_INVARIANT_SPEC_32,,,,,,,,,,,
2,3,3,Daikon version 5.8.8 output data,,Daikon_5_8_8_OUT,,Daikon version 5.8.8 invariant detection,LIKELY_INVARIANT_SPEC_33,,,,,,,,,,,
2,3,3,Daikon version 5.8.8 output data,,Daikon_5_8_8_OUT,,Daikon version 5.8.8 invariant detection,LIKELY_INVARIANT_SPEC_34,,,,,,,,,,,
2,3,3,Daikon version 5.8.8 output data,,Daikon_5_8_8_OUT,,Daikon version 5.8.8 invariant detection,LIKELY_INVARIANT_SPEC_35,,,,,,,,,,,
2,3,3,Daikon version 5.8.8 output data,,Daikon_5_8_8_OUT,,Daikon version 5.8.8 invariant detection,LIKELY_INVARIANT_SPEC_36,,,,,,,,,,,
2,3,3,Daikon version 5.8.8 output data,,Daikon_5_8_8_OUT,,Daikon version 5.8.8 invariant detection,LIKELY_INVARIANT_SPEC_37,,,,,,,,,,,
2,3,3,Daikon version 5.8.8 output data,,Daikon_5_8_8_OUT,,Daikon version 5.8.8 invariant detection,LIKELY_INVARIANT_SPEC_38,,,,,,,,,,,
2,3,3,Daikon version 5.8.8 output data,,Daikon_5_8_8_OUT,,Daikon version 5.8.8 invariant detection,LIKELY_INVARIANT_SPEC_39,,,,,,,,,,,
2,3,3,Daikon version 5.8.8 output data,,Daikon_5_8_8_OUT,,Daikon version 5.8.8 invariant detection,LIKELY_INVARIANT_SPEC_40,,,,,,,,,,,
2,3,3,Daikon version 5.8.8 output data,,Daikon_5_8_8_OUT,,Daikon version 5.8.8 invariant detection,LIKELY_INVARIANT_SPEC_41,,,,,,,,,,,
2,3,3,Daikon version 5.8.8 output data,,Daikon_5_8_8_OUT,,Daikon version 5.8.8 invariant detection,LIKELY_INVARIANT_SPEC_42,,,,,,,,,,,
2,3,3,Daikon version 5.8.8 output data,,Daikon_5_8_8_OUT,,Daikon version 5.8.8 invariant detection,LIKELY_INVARIANT_SPEC_43,,,,,,,,,,,
2,3,3,Daikon version 5.8.8 output data,,Daikon_5_8_8_OUT,,Daikon version 5.8.8 invariant detection,LIKELY_INVARIANT_SPEC_44,,,,,,,,,,,
2,3,3,Daikon version 5.8.8 output data,,Daikon_5_8_8_OUT,,Daikon version 5.8.8 invariant detection,LIKELY_INVARIANT_SPEC_45,,,,,,,,,,,
2,3,3,Daikon version 5.8.8 output data,,Daikon_5_8_8_OUT,,Daikon version 5.8.8 invariant detection,LIKELY_INVARIANT_SPEC_46,,,,,,,,,,,
2,3,3,Daikon version 5.8.8 output data,,Daikon_5_8_8_OUT,,Daikon version 5.8.8 invariant detection,LIKELY_INVARIANT_SPEC_47,,,,,,,,,,,
2,3,3,Daikon version 5.8.8 output data,,Daikon_5_8_8_OUT,,Daikon version 5.8.8 invariant detection,LIKELY_INVARIANT_SPEC_48,,,,,,,,,,,
2,3,3,Daikon version 5.8.8 output data,,Daikon_5_8_8_OUT,,Daikon version 5.8.8 invariant detection,LIKELY_INVARIANT_SPEC_49,,,,,,,,,,,
2,3,3,Daikon version 5.8.8 output data,,Daikon_5_8_8_OUT,,Daikon version 5.8.8 invariant detection,LIKELY_INVARIANT_SPEC_50,,,,,,,,,,,
2,3,3,Daikon version 5.8.8 output data,,Daikon_5_8_8_OUT,,Daikon version 5.8.8 invariant detection,LIKELY_INVARIANT_SPEC_51,,,,,,,,,,,
2,3,3,Daikon version 5.8.8 output data,,Daikon_5_8_8_OUT,,Daikon version 5.8.8 invariant detection,LIKELY_INVARIANT_SPEC_52,,,,,,,,,,,
2,3,3,Daikon version 5.8.8 output data,,Daikon_5_8_8_OUT,,Daikon version 5.8.8 invariant detection,LIKELY_INVARIANT_SPEC_53,,,,,,,,,,,
2,3,3,Daikon version 5.8.8 output data,,Daikon_5_8_8_OUT,,Daikon version 5.8.8 invariant detection,LIKELY_INVARIANT_SPEC_54,,,,,,,,,,,
2,3,3,Daikon version 5.8.8 output data,,Daikon_5_8_8_OUT,,Daikon version 5.8.8 invariant detection,LIKELY_INVARIANT_SPEC_55,,,,,,,,,,,
2,3,3,Daikon version 5.8.8 output data,,Daikon_5_8_8_OUT,,Daikon version 5.8.8 invariant detection,LIKELY_INVARIANT_SPEC_56,,,,,,,,,,,
2,3,3,Daikon version 5.8.8 output data,,Daikon_5_8_8_OUT,,Daikon version 5.8.8 invariant detection,LIKELY_INVARIANT_SPEC_57,,,,,,,,,,,
2,3,3,Daikon version 5.8.8 output data,,Daikon_5_8_8_OUT,,Daikon version 5.8.8 invariant detection,LIKELY_INVARIANT_SPEC_58,,,,,,,,,,,
2,3,3,Daikon version 5.8.8 output data,,Daikon_5_8_8_OUT,,Daikon version 5.8.8 invariant detection,LIKELY_INVARIANT_SPEC_59,,,,,,,,,,,
2,3,3,Daikon version 5.8.8 output data,,Daikon_5_8_8_OUT,,Daikon version 5.8.8 invariant detection,LIKELY_INVARIANT_SPEC_60,,,,,,,,,,,
2,3,3,Daikon version 5.8.8 output data,,Daikon_5_8_8_OUT,,Daikon version 5.8.8 invariant detection,LIKELY_INVARIANT_SPEC_61,,,,,,,,,,,
2,3,3,Daikon version 5.8.8 output data,,Daikon_5_8_8_OUT,,Daikon version 5.8.8 invariant detection,LIKELY_INVARIANT_SPEC_62,,,,,,,,,,,
2,3,3,Daikon version 5.8.8 output data,,Daikon_5_8_8_OUT,,Daikon version 5.8.8 invariant detection,LIKELY_INVARIANT_SPEC_63,,,,,,,,,,,
2,3,3,Daikon version 5.8.8 output data,,Daikon_5_8_8_OUT,,Daikon version 5.8.8 invariant detection,LIKELY_INVARIANT_SPEC_64,,,,,,,,,,,
2,3,3,Daikon version 5.8.8 output data,,Daikon_5_8_8_OUT,,Daikon version 5.8.8 invariant detection,LIKELY_INVARIANT_SPEC_65,,,,,,,,,,,
2,3,3,Daikon version 5.8.8 output data,,Daikon_5_8_8_OUT,,Daikon version 5.8.8 invariant detection,LIKELY_INVARIANT_SPEC_66,,,,,,,,,,,
2,3,3,Daikon version 5.8.8 output data,,Daikon_5_8_8_OUT,,Daikon version 5.8.8 invariant detection,LIKELY_INVARIANT_SPEC_67,,,,,,,,,,,
2,3,3,Daikon version 5.8.8 output data,,Daikon_5_8_8_OUT,,Daikon version 5.8.8 invariant detection,LIKELY_INVARIANT_SPEC_68,,,,,,,,,,,
2,3,3,Daikon version 5.8.8 output data,,Daikon_5_8_8_OUT,,Daikon version 5.8.8 invariant detection,LIKELY_INVARIANT_SPEC_69,,,,,,,,,,,
2,3,3,Daikon version 5.8.8 output data,,Daikon_5_8_8_OUT,,Daikon version 5.8.8 invariant detection,LIKELY_INVARIANT_SPEC_70,,,,,,,,,,,
2,3,3,Daikon version 5.8.8 output data,,Daikon_5_8_8_OUT,,Daikon version 5.8.8 invariant detection,LIKELY_INVARIANT_SPEC_71,,,,,,,,,,,
2,3,3,Daikon version 5.8.8 output data,,Daikon_5_8_8_OUT,,Daikon version 5.8.8 invariant detection,LIKELY_INVARIANT_SPEC_72,,,,,,,,,,,
2,3,3,Daikon version 5.8.8 output data,,Daikon_5_8_8_OUT,,Daikon version 5.8.8 invariant detection,LIKELY_INVARIANT_SPEC_73,,,,,,,,,,,
2,3,3,Daikon version 5.8.8 output data,,Daikon_5_8_8_OUT,,Daikon version 5.8.8 invariant detection,LIKELY_INVARIANT_SPEC_74,,,,,,,,,,,
2,3,3,Daikon version 5.8.8 output data,,Daikon_5_8_8_OUT,,Daikon version 5.8.8 invariant detection,LIKELY_INVARIANT_SPEC_75,,,,,,,,,,,
2,3,3,Daikon version 5.8.8 output data,,Daikon_5_8_8_OUT,,Daikon version 5.8.8 invariant detection,LIKELY_INVARIANT_SPEC_76,,,,,,,,,,,
2,3,3,Daikon version 5.8.8 output data,,Daikon_5_8_8_OUT,,Daikon version 5.8.8 invariant detection,LIKELY_INVARIANT_SPEC_77,,,,,,,,,,,
2,3,3,Daikon version 5.8.8 output data,,Daikon_5_8_8_OUT,,Daikon version 5.8.8 invariant detection,LIKELY_INVARIANT_SPEC_78,,,,,,,,,,,
2,3,3,Daikon version 5.8.8 output data,,Daikon_5_8_8_OUT,,Daikon version 5.8.8 invariant detection,LIKELY_INVARIANT_SPEC_79,,,,,,,,,,,
2,3,3,Daikon version 5.8.8 output data,,Daikon_5_8_8_OUT,,Daikon version 5.8.8 invariant detection,LIKELY_INVARIANT_SPEC_80,,,,,,,,,,,
2,3,3,Daikon version 5.8.8 output data,,Daikon_5_8_8_OUT,,Daikon version 5.8.8 invariant detection,LIKELY_INVARIANT_SPEC_81,,,,,,,,,,,
2,3,3,Daikon version 5.8.8 output data,,Daikon_5_8_8_OUT,,Daikon version 5.8.8 invariant detection,LIKELY_INVARIANT_SPEC_82,,,,,,,,,,,
2,3,3,Daikon version 5.8.8 output data,,Daikon_5_8_8_OUT,,Daikon version 5.8.8 invariant detection,LIKELY_INVARIANT_SPEC_83,,,,,,,,,,,
2,3,3,Daikon version 5.8.8 output data,,Daikon_5_8_8_OUT,,Daikon version 5.8.8 invariant detection,LIKELY_INVARIANT_SPEC_84,,,,,,,,,,,
2,3,3,Daikon version 5.8.8 output data,,Daikon_5_8_8_OUT,,Daikon version 5.8.8 invariant detection,LIKELY_INVARIANT_SPEC_85,,,,,,,,,,,
2,3,3,Daikon version 5.8.8 output data,,Daikon_5_8_8_OUT,,Daikon version 5.8.8 invariant detection,LIKELY_INVARIANT_SPEC_86,,,,,,,,,,,
2,3,3,Daikon version 5.8.8 output data,,Daikon_5_8_8_OUT,,Daikon version 5.8.8 invariant detection,LIKELY_INVARIANT_SPEC_87,,,,,,,,,,,
2,3,3,Daikon version 5.8.8 output data,,Daikon_5_8_8_OUT,,Daikon version 5.8.8 invariant detection,LIKELY_INVARIANT_SPEC_88,,,,,,,,,,,
2,3,3,Daikon version 5.8.8 output data,,Daikon_5_8_8_OUT,,Daikon version 5.8.8 invariant detection,LIKELY_INVARIANT_SPEC_89,,,,,,,,,,,
2,3,3,Daikon version 5.8.8 output data,,Daikon_5_8_8_OUT,,Daikon version 5.8.8 invariant detection,LIKELY_INVARIANT_SPEC_90,,,,,,,,,,,
2,3,3,Daikon version 5.8.8 output data,,Daikon_5_8_8_OUT,,Daikon version 5.8.8 invariant detection,LIKELY_INVARIANT_SPEC_91,,,,,,,,,,,
2,3,3,Daikon version 5.8.8 output data,,Daikon_5_8_8_OUT,,Daikon version 5.8.8 invariant detection,LIKELY_INVARIANT_SPEC_92,,,,,,,,,,,
2,3,3,Daikon version 5.8.8 output data,,Daikon_5_8_8_OUT,,Daikon version 5.8.8 invariant detection,LIKELY_INVARIANT_SPEC_93,,,,,,,,,,,
2,3,3,Daikon version 5.8.8 output data,,Daikon_5_8_8_OUT,,Daikon version 5.8.8 invariant detection,LIKELY_INVARIANT_SPEC_94,,,,,,,,,,,
2,3,3,Daikon version 5.8.8 output data,,Daikon_5_8_8_OUT,,Daikon version 5.8.8 invariant detection,LIKELY_INVARIANT_SPEC_95,,,,,,,,,,,
2,3,3,Daikon version 5.8.8 output data,,Daikon_5_8_8_OUT,,Daikon version 5.8.8 invariant detection,LIKELY_INVARIANT_SPEC_96,,,,,,,,,,,
2,3,3,Daikon version 5.8.8 output data,,Daikon_5_8_8_OUT,,Daikon version 5.8.8 invariant detection,LIKELY_INVARIANT_SPEC_97,,,,,,,,,,,
2,3,3,Daikon version 5.8.8 output data,,Daikon_5_8_8_OUT,,Daikon version 5.8.8 invariant detection,LIKELY_INVARIANT_SPEC_98,,,,,,,,,,,
2,3,3,Daikon version 5.8.8 output data,,Daikon_5_8_8_OUT,,Daikon version 5.8.8 invariant detection,LIKELY_INVARIANT_SPEC_99,,,,,,,,,,,
2,3,3,Daikon version 5.8.8 output data,,Daikon_5_8_8_OUT,,Daikon version 5.8.8 invariant detection,LIKELY_INVARIANT_SPEC_100,,,,,,,,,,,
2,3,3,Daikon version 5.8.8 output data,,Daikon_5_8_8_OUT,,Daikon version 5.8.8 invariant detection,LIKELY_INVARIANT_SPEC_101,,,,,,,,,,,
2,3,3,Daikon version 5.8.8 output data,,Daikon_5_8_8_OUT,,Daikon version 5.8.8 invariant detection,LIKELY_INVARIANT_SPEC_102,,,,,,,,,,,
2,3,3,Daikon version 5.8.8 output data,,Daikon_5_8_8_OUT,,Daikon version 5.8.8 invariant detection,LIKELY_INVARIANT_SPEC_103,,,,,,,,,,,
2,3,3,Daikon version 5.8.8 output data,,Daikon_5_8_8_OUT,,Daikon version 5.8.8 invariant detection,LIKELY_INVARIANT_SPEC_104,,,,,,,,,,,
2,3,3,Daikon version 5.8.8 output data,,Daikon_5_8_8_OUT,,Daikon version 5.8.8 invariant detection,LIKELY_INVARIANT_SPEC_105,,,,,,,,,,,
2,3,3,Daikon version 5.8.8 output data,,Daikon_5_8_8_OUT,,Daikon version 5.8.8 invariant detection,LIKELY_INVARIANT_SPEC_106,,,,,,,,,,,
2,3,3,Daikon version 5.8.8 output data,,Daikon_5_8_8_OUT,,Daikon version 5.8.8 invariant detection,LIKELY_INVARIANT_SPEC_107,,,,,,,,,,,
2,3,3,Daikon version 5.8.8 output data,,Daikon_5_8_8_OUT,,Daikon version 5.8.8 invariant detection,LIKELY_INVARIANT_SPEC_108,,,,,,,,,,,
2,3,3,Daikon version 5.8.8 output data,,Daikon_5_8_8_OUT,,Daikon version 5.8.8 invariant detection,LIKELY_INVARIANT_SPEC_109,,,,,,,,,,,
2,3,3,Daikon version 5.8.8 output data,,Daikon_5_8_8_OUT,,Daikon version 5.8.8 invariant detection,LIKELY_INVARIANT_SPEC_110,,,,,,,,,,,
2,3,3,Daikon version 5.8.8 output data,,Daikon_5_8_8_OUT,,Daikon version 5.8.8 invariant detection,LIKELY_INVARIANT_SPEC_111,,,,,,,,,,,
2,3,3,Daikon version 5.8.8 output data,,Daikon_5_8_8_OUT,,Daikon version 5.8.8 invariant detection,LIKELY_INVARIANT_SPEC_112,,,,,,,,,,,
2,3,3,Daikon version 5.8.8 output data,,Daikon_5_8_8_OUT,,Daikon version 5.8.8 invariant detection,LIKELY_INVARIANT_SPEC_113,,,,,,,,,,,
2,3,3,Daikon version 5.8.8 output data,,Daikon_5_8_8_OUT,,Daikon version 5.8.8 invariant detection,LIKELY_INVARIANT_SPEC_114,,,,,,,,,,,
2,3,3,Daikon version 5.8.8 output data,,Daikon_5_8_8_OUT,,Daikon version 5.8.8 invariant detection,LIKELY_INVARIANT_SPEC_115,,,,,,,,,,,
2,3,3,Daikon version 5.8.8 output data,,Daikon_5_8_8_OUT,,Daikon version 5.8.8 invariant detection,LIKELY_INVARIANT_SPEC_116,,,,,,,,,,,
2,3,3,Daikon version 5.8.8 output data,,Daikon_5_8_8_OUT,,Daikon version 5.8.8 invariant detection,LIKELY_INVARIANT_SPEC_117,,,,,,,,,,,
2,3,3,Daikon version 5.8.8 output data,,Daikon_5_8_8_OUT,,Daikon version 5.8.8 invariant detection,LIKELY_INVARIANT_SPEC_118,,,,,,,,,,,
2,3,3,Daikon version 5.8.8 output data,,Daikon_5_8_8_OUT,,Daikon version 5.8.8 invariant detection,LIKELY_INVARIANT_SPEC_119,,,,,,,,,,,
2,3,3,Daikon version 5.8.8 output data,,Daikon_5_8_8_OUT,,Daikon version 5.8.8 invariant detection,LIKELY_INVARIANT_SPEC_120,,,,,,,,,,,
2,3,3,Daikon version 5.8.8 output data,,Daikon_5_8_8_OUT,,Daikon version 5.8.8 invariant detection,LIKELY_INVARIANT_SPEC_121,,,,,,,,,,,
2,3,3,Daikon version 5.8.8 output data,,Daikon_5_8_8_OUT,,Daikon version 5.8.8 invariant detection,LIKELY_INVARIANT_SPEC_122,,,,,,,,,,,
2,3,3,Daikon version 5.8.8 output data,,Daikon_5_8_8_OUT,,Daikon version 5.8.8 invariant detection,LIKELY_INVARIANT_SPEC_123,,,,,,,,,,,
2,3,3,Daikon version 5.8.8 output data,,Daikon_5_8_8_OUT,,Daikon version 5.8.8 invariant detection,LIKELY_INVARIANT_SPEC_124,,,,,,,,,,,
2,3,3,Daikon version 5.8.8 output data,,Daikon_5_8_8_OUT,,Daikon version 5.8.8 invariant detection,LIKELY_INVARIANT_SPEC_125,,,,,,,,,,,
2,3,3,Daikon version 5.8.8 output data,,Daikon_5_8_8_OUT,,Daikon version 5.8.8 invariant detection,LIKELY_INVARIANT_SPEC_126,,,,,,,,,,,
2,3,3,Daikon version 5.8.8 output data,,Daikon_5_8_8_OUT,,Daikon version 5.8.8 invariant detection,LIKELY_INVARIANT_SPEC_127,,,,,,,,,,,
2,3,3,Daikon version 5.8.8 output data,,Daikon_5_8_8_OUT,,Daikon version 5.8.8 invariant detection,LIKELY_INVARIANT_SPEC_128,,,,,,,,,,,
2,3,3,Daikon version 5.8.8 output data,,Daikon_5_8_8_OUT,,Daikon version 5.8.8 invariant detection,LIKELY_INVARIANT_SPEC_129,,,,,,,,,,,
2,3,3,Daikon version 5.8.8 output data,,Daikon_5_8_8_OUT,,Daikon version 5.8.8 invariant detection,LIKELY_INVARIANT_SPEC_130,,,,,,,,,,,
2,3,3,Daikon version 5.8.8 output data,,Daikon_5_8_8_OUT,,Daikon version 5.8.8 invariant detection,LIKELY_INVARIANT_SPEC_131,,,,,,,,,,,
2,3,3,Daikon version 5.8.8 output data,,Daikon_5_8_8_OUT,,Daikon version 5.8.8 invariant detection,LIKELY_INVARIANT_SPEC_132,,,,,,,,,,,
2,3,3,Daikon version 5.8.8 output data,,Daikon_5_8_8_OUT,,Daikon version 5.8.8 invariant detection,LIKELY_INVARIANT_SPEC_133,,,,,,,,,,,
2,3,3,Daikon version 5.8.8 output data,,Daikon_5_8_8_OUT,,Daikon version 5.8.8 invariant detection,LIKELY_INVARIANT_SPEC_134,,,,,,,,,,,
2,3,3,Daikon version 5.8.8 output data,,Daikon_5_8_8_OUT,,Daikon version 5.8.8 invariant detection,LIKELY_INVARIANT_SPEC_135,,,,,,,,,,,
2,3,3,Daikon version 5.8.8 output data,,Daikon_5_8_8_OUT,,Daikon version 5.8.8 invariant detection,LIKELY_INVARIANT_SPEC_136,,,,,,,,,,,
2,3,3,Daikon version 5.8.8 output data,,Daikon_5_8_8_OUT,,Daikon version 5.8.8 invariant detection,LIKELY_INVARIANT_SPEC_137,,,,,,,,,,,
2,3,3,Daikon version 5.8.8 output data,,Daikon_5_8_8_OUT,,Daikon version 5.8.8 invariant detection,LIKELY_INVARIANT_SPEC_138,,,,,,,,,,,
2,3,3,Daikon version 5.8.8 output data,,Daikon_5_8_8_OUT,,Daikon version 5.8.8 invariant detection,LIKELY_INVARIANT_SPEC_139,,,,,,,,,,,
2,3,3,Daikon version 5.8.8 output data,,Daikon_5_8_8_OUT,,Daikon version 5.8.8 invariant detection,LIKELY_INVARIANT_SPEC_140,,,,,,,,,,,
2,3,3,Daikon version 5.8.8 output data,,Daikon_5_8_8_OUT,,Daikon version 5.8.8 invariant detection,LIKELY_INVARIANT_SPEC_141,,,,,,,,,,,
2,3,3,Daikon version 5.8.8 output data,,Daikon_5_8_8_OUT,,Daikon version 5.8.8 invariant detection,LIKELY_INVARIANT_SPEC_142,,,,,,,,,,,
2,3,3,Daikon version 5.8.8 output data,,Daikon_5_8_8_OUT,,Daikon version 5.8.8 invariant detection,LIKELY_INVARIANT_SPEC_143,,,,,,,,,,,
2,3,3,Daikon version 5.8.8 output data,,Daikon_5_8_8_OUT,,Daikon version 5.8.8 invariant detection,LIKELY_INVARIANT_SPEC_144,,,,,,,,,,,
2,3,3,Daikon version 5.8.8 output data,,Daikon_5_8_8_OUT,,Daikon version 5.8.8 invariant detection,LIKELY_INVARIANT_SPEC_145,,,,,,,,,,,
2,3,3,Daikon version 5.8.8 output data,,Daikon_5_8_8_OUT,,Daikon version 5.8.8 invariant detection,LIKELY_INVARIANT_SPEC_146,,,,,,,,,,,
2,3,3,Daikon version 5.8.8 output data,,Daikon_5_8_8_OUT,,Daikon version 5.8.8 invariant detection,LIKELY_INVARIANT_SPEC_147,,,,,,,,,,,
2,3,3,Daikon version 5.8.8 output data,,Daikon_5_8_8_OUT,,Daikon version 5.8.8 invariant detection,LIKELY_INVARIANT_SPEC_148,,,,,,,,,,,
2,3,3,Daikon version 5.8.8 output data,,Daikon_5_8_8_OUT,,Daikon version 5.8.8 invariant detection,LIKELY_INVARIANT_SPEC_149,,,,,,,,,,,
2,3,3,Daikon version 5.8.8 output data,,Daikon_5_8_8_OUT,,Daikon version 5.8.8 invariant detection,LIKELY_INVARIANT_SPEC_150,,,,,,,,,,,
2,3,3,Daikon version 5.8.8 output data,,Daikon_5_8_8_OUT,,Daikon version 5.8.8 invariant detection,LIKELY_INVARIANT_SPEC_151,,,,,,,,,,,
2,3,3,Daikon version 5.8.8 output data,,Daikon_5_8_8_OUT,,Daikon version 5.8.8 invariant detection,LIKELY_INVARIANT_SPEC_152,,,,,,,,,,,
2,3,3,Daikon version 5.8.8 output data,,Daikon_5_8_8_OUT,,Daikon version 5.8.8 invariant detection,LIKELY_INVARIANT_SPEC_153,,,,,,,,,,,
2,3,3,Daikon version 5.8.8 output data,,Daikon_5_8_8_OUT,,Daikon version 5.8.8 invariant detection,LIKELY_INVARIANT_SPEC_154,,,,,,,,,,,
2,3,3,Daikon version 5.8.8 output data,,Daikon_5_8_8_OUT,,Daikon version 5.8.8 invariant detection,LIKELY_INVARIANT_SPEC_155,,,,,,,,,,,
2,3,3,Daikon version 5.8.8 output data,,Daikon_5_8_8_OUT,,Daikon version 5.8.8 invariant detection,LIKELY_INVARIANT_SPEC_156,,,,,,,,,,,
2,3,3,Daikon version 5.8.8 output data,,Daikon_5_8_8_OUT,,Daikon version 5.8.8 invariant detection,LIKELY_INVARIANT_SPEC_157,,,,,,,,,,,
2,3,3,Daikon version 5.8.8 output data,,Daikon_5_8_8_OUT,,Daikon version 5.8.8 invariant detection,LIKELY_INVARIANT_SPEC_158,,,,,,,,,,,
2,3,3,Daikon version 5.8.8 output data,,Daikon_5_8_8_OUT,,Daikon version 5.8.8 invariant detection,LIKELY_INVARIANT_SPEC_159,,,,,,,,,,,
2,3,3,Daikon version 5.8.8 output data,,Daikon_5_8_8_OUT,,Daikon version 5.8.8 invariant detection,LIKELY_INVARIANT_SPEC_160,,,,,,,,,,,
2,3,3,Daikon version 5.8.8 output data,,Daikon_5_8_8_OUT,,Daikon version 5.8.8 invariant detection,LIKELY_INVARIANT_SPEC_161,,,,,,,,,,,
2,3,3,Daikon version 5.8.8 output data,,Daikon_5_8_8_OUT,,Daikon version 5.8.8 invariant detection,LIKELY_INVARIANT_SPEC_162,,,,,,,,,,,
2,3,3,Daikon version 5.8.8 output data,,Daikon_5_8_8_OUT,,Daikon version 5.8.8 invariant detection,LIKELY_INVARIANT_SPEC_163,,,,,,,,,,,
2,3,3,Daikon version 5.8.8 output data,,Daikon_5_8_8_OUT,,Daikon version 5.8.8 invariant detection,LIKELY_INVARIANT_SPEC_164,,,,,,,,,,,
2,3,3,Daikon version 5.8.8 output data,,Daikon_5_8_8_OUT,,Daikon version 5.8.8 invariant detection,LIKELY_INVARIANT_SPEC_165,,,,,,,,,,,
2,3,3,Daikon version 5.8.8 output data,,Daikon_5_8_8_OUT,,Daikon version 5.8.8 invariant detection,LIKELY_INVARIANT_SPEC_166,,,,,,,,,,,
2,3,3,Daikon version 5.8.8 output data,,Daikon_5_8_8_OUT,,Daikon version 5.8.8 invariant detection,LIKELY_INVARIANT_SPEC_167,,,,,,,,,,,
2,3,3,Daikon version 5.8.8 output data,,Daikon_5_8_8_OUT,,Daikon version 5.8.8 invariant detection,LIKELY_INVARIANT_SPEC_168,,,,,,,,,,,
2,3,3,Daikon version 5.8.8 output data,,Daikon_5_8_8_OUT,,Daikon version 5.8.8 invariant detection,LIKELY_INVARIANT_SPEC_169,,,,,,,,,,,
2,3,3,Daikon version 5.8.8 output data,,Daikon_5_8_8_OUT,,Daikon version 5.8.8 invariant detection,LIKELY_INVARIANT_SPEC_170,,,,,,,,,,,
2,3,3,Daikon version 5.8.8 output data,,Daikon_5_8_8_OUT,,Daikon version 5.8.8 invariant detection,LIKELY_INVARIANT_SPEC_171,,,,,,,,,,,
2,3,3,Daikon version 5.8.8 output data,,Daikon_5_8_8_OUT,,Daikon version 5.8.8 invariant detection,LIKELY_INVARIANT_SPEC_172,,,,,,,,,,,
2,3,3,Daikon version 5.8.8 output data,,Daikon_5_8_8_OUT,,Daikon version 5.8.8 invariant detection,LIKELY_INVARIANT_SPEC_173,,,,,,,,,,,
2,3,3,Daikon version 5.8.8 output data,,Daikon_5_8_8_OUT,,Daikon version 5.8.8 invariant detection,LIKELY_INVARIANT_SPEC_174,,,,,,,,,,,
2,3,3,Daikon version 5.8.8 output data,,Daikon_5_8_8_OUT,,Daikon version 5.8.8 invariant detection,LIKELY_INVARIANT_SPEC_175,,,,,,,,,,,
2,3,3,Daikon version 5.8.8 output data,,Daikon_5_8_8_OUT,,Daikon version 5.8.8 invariant detection,LIKELY_INVARIANT_SPEC_176,,,,,,,,,,,
2,3,3,Daikon version 5.8.8 output data,,Daikon_5_8_8_OUT,,Daikon version 5.8.8 invariant detection,LIKELY_INVARIANT_SPEC_177,,,,,,,,,,,
2,3,3,Daikon version 5.8.8 output data,,Daikon_5_8_8_OUT,,Daikon version 5.8.8 invariant detection,LIKELY_INVARIANT_SPEC_178,,,,,,,,,,,
2,3,3,Daikon version 5.8.8 output data,,Daikon_5_8_8_OUT,,Daikon version 5.8.8 invariant detection,LIKELY_INVARIANT_SPEC_179,,,,,,,,,,,
2,3,3,Daikon version 5.8.8 output data,,Daikon_5_8_8_OUT,,Daikon version 5.8.8 invariant detection,LIKELY_INVARIANT_SPEC_180,,,,,,,,,,,
2,3,3,Daikon version 5.8.8 output data,,Daikon_5_8_8_OUT,,Daikon version 5.8.8 invariant detection,LIKELY_INVARIANT_SPEC_181,,,,,,,,,,,
2,3,3,Daikon version 5.8.8 output data,,Daikon_5_8_8_OUT,,Daikon version 5.8.8 invariant detection,LIKELY_INVARIANT_SPEC_182,,,,,,,,,,,
2,3,3,Daikon version 5.8.8 output data,,Daikon_5_8_8_OUT,,Daikon version 5.8.8 invariant detection,LIKELY_INVARIANT_SPEC_183,,,,,,,,,,,
2,3,3,Daikon version 5.8.8 output data,,Daikon_5_8_8_OUT,,Daikon version 5.8.8 invariant detection,LIKELY_INVARIANT_SPEC_184,,,,,,,,,,,
2,3,3,Daikon version 5.8.8 output data,,Daikon_5_8_8_OUT,,Daikon version 5.8.8 invariant detection,LIKELY_INVARIANT_SPEC_185,,,,,,,,,,,
2,3,3,Daikon version 5.8.8 output data,,Daikon_5_8_8_OUT,,Daikon version 5.8.8 invariant detection,LIKELY_INVARIANT_SPEC_186,,,,,,,,,,,
2,3,3,Daikon version 5.8.8 output data,,Daikon_5_8_8_OUT,,Daikon version 5.8.8 invariant detection,LIKELY_INVARIANT_SPEC_187,,,,,,,,,,,
2,3,3,Daikon version 5.8.8 output data,,Daikon_5_8_8_OUT,,Daikon version 5.8.8 invariant detection,LIKELY_INVARIANT_SPEC_188,,,,,,,,,,,
2,3,3,Daikon version 5.8.8 output data,,Daikon_5_8_8_OUT,,Daikon version 5.8.8 invariant detection,LIKELY_INVARIANT_SPEC_189,,,,,,,,,,,
2,3,3,Daikon version 5.8.8 output data,,Daikon_5_8_8_OUT,,Daikon version 5.8.8 invariant detection,LIKELY_INVARIANT_SPEC_190,,,,,,,,,,,
2,3,3,Daikon version 5.8.8 output data,,Daikon_5_8_8_OUT,,Daikon version 5.8.8 invariant detection,LIKELY_INVARIANT_SPEC_191,,,,,,,,,,,
2,3,3,Daikon version 5.8.8 output data,,Daikon_5_8_8_OUT,,Daikon version 5.8.8 invariant detection,LIKELY_INVARIANT_SPEC_192,,,,,,,,,,,
2,3,3,Daikon version 5.8.8 output data,,Daikon_5_8_8_OUT,,Daikon version 5.8.8 invariant detection,LIKELY_INVARIANT_SPEC_193,,,,,,,,,,,
2,3,3,Daikon version 5.8.8 output data,,Daikon_5_8_8_OUT,,Daikon version 5.8.8 invariant detection,LIKELY_INVARIANT_SPEC_194,,,,,,,,,,,
2,3,3,Daikon version 5.8.8 output data,,Daikon_5_8_8_OUT,,Daikon version 5.8.8 invariant detection,LIKELY_INVARIANT_SPEC_195,,,,,,,,,,,
2,3,3,Daikon version 5.8.8 output data,,Daikon_5_8_8_OUT,,Daikon version 5.8.8 invariant detection,LIKELY_INVARIANT_SPEC_196,,,,,,,,,,,
2,3,3,Daikon version 5.8.8 output data,,Daikon_5_8_8_OUT,,Daikon version 5.8.8 invariant detection,LIKELY_INVARIANT_SPEC_197,,,,,,,,,,,
2,3,3,Daikon version 5.8.8 output data,,Daikon_5_8_8_OUT,,Daikon version 5.8.8 invariant detection,LIKELY_INVARIANT_SPEC_198,,,,,,,,,,,
2,3,3,Daikon version 5.8.8 output data,,Daikon_5_8_8_OUT,,Daikon version 5.8.8 invariant detection,LIKELY_INVARIANT_SPEC_199,,,,,,,,,,,
2,3,3,Daikon version 5.8.8 output data,,Daikon_5_8_8_OUT,,Daikon version 5.8.8 invariant detection,LIKELY_INVARIANT_SPEC_200,,,,,,,,,,,
2,3,3,Daikon version 5.8.8 output data,,Daikon_5_8_8_OUT,,Daikon version 5.8.8 invariant detection,LIKELY_INVARIANT_SPEC_201,,,,,,,,,,,
2,3,3,Daikon version 5.8.8 output data,,Daikon_5_8_8_OUT,,Daikon version 5.8.8 invariant detection,LIKELY_INVARIANT_SPEC_202,,,,,,,,,,,
2,3,3,Daikon version 5.8.8 output data,,Daikon_5_8_8_OUT,,Daikon version 5.8.8 invariant detection,LIKELY_INVARIANT_SPEC_203,,,,,,,,,,,
2,3,3,Daikon version 5.8.8 output data,,Daikon_5_8_8_OUT,,Daikon version 5.8.8 invariant detection,LIKELY_INVARIANT_SPEC_204,,,,,,,,,,,
2,3,3,Daikon version 5.8.8 output data,,Daikon_5_8_8_OUT,,Daikon version 5.8.8 invariant detection,LIKELY_INVARIANT_SPEC_205,,,,,,,,,,,
2,3,3,Daikon version 5.8.8 output data,,Daikon_5_8_8_OUT,,Daikon version 5.8.8 invariant detection,LIKELY_INVARIANT_SPEC_206,,,,,,,,,,,
2,3,3,Daikon version 5.8.8 output data,,Daikon_5_8_8_OUT,,Daikon version 5.8.8 invariant detection,LIKELY_INVARIANT_SPEC_207,,,,,,,,,,,
2,3,3,Daikon version 5.8.8 output data,,Daikon_5_8_8_OUT,,Daikon version 5.8.8 invariant detection,LIKELY_INVARIANT_SPEC_208,,,,,,,,,,,
2,3,3,Daikon version 5.8.8 output data,,Daikon_5_8_8_OUT,,Daikon version 5.8.8 invariant detection,LIKELY_INVARIANT_SPEC_209,,,,,,,,,,,
2,3,3,Daikon version 5.8.8 output data,,Daikon_5_8_8_OUT,,Daikon version 5.8.8 invariant detection,LIKELY_INVARIANT_SPEC_210,,,,,,,,,,,
2,3,3,Daikon version 5.8.8 output data,,Daikon_5_8_8_OUT,,Daikon version 5.8.8 invariant detection,LIKELY_INVARIANT_SPEC_211,,,,,,,,,,,
2,3,3,Daikon version 5.8.8 output data,,Daikon_5_8_8_OUT,,Daikon version 5.8.8 invariant detection,LIKELY_INVARIANT_SPEC_212,,,,,,,,,,,
2,3,3,Daikon version 5.8.8 output data,,Daikon_5_8_8_OUT,,Daikon version 5.8.8 invariant detection,LIKELY_INVARIANT_SPEC_213,,,,,,,,,,,
2,3,3,Daikon version 5.8.8 output data,,Daikon_5_8_8_OUT,,Daikon version 5.8.8 invariant detection,LIKELY_INVARIANT_SPEC_214,,,,,,,,,,,
2,3,3,Daikon version 5.8.8 output data,,Daikon_5_8_8_OUT,,Daikon version 5.8.8 invariant detection,LIKELY_INVARIANT_SPEC_215,,,,,,,,,,,
2,3,3,Daikon version 5.8.8 output data,,Daikon_5_8_8_OUT,,Daikon version 5.8.8 invariant detection,LIKELY_INVARIANT_SPEC_216,,,,,,,,,,,
2,3,3,Daikon version 5.8.8 output data,,Daikon_5_8_8_OUT,,Daikon version 5.8.8 invariant detection,LIKELY_INVARIANT_SPEC_217,,,,,,,,,,,
2,3,3,Daikon version 5.8.8 output data,,Daikon_5_8_8_OUT,,Daikon version 5.8.8 invariant detection,LIKELY_INVARIANT_SPEC_218,,,,,,,,,,,
2,3,3,Daikon version 5.8.8 output data,,Daikon_5_8_8_OUT,,Daikon version 5.8.8 invariant detection,LIKELY_INVARIANT_SPEC_219,,,,,,,,,,,
2,3,3,Daikon version 5.8.8 output data,,Daikon_5_8_8_OUT,,Daikon version 5.8.8 invariant detection,LIKELY_INVARIANT_SPEC_220,,,,,,,,,,,
2,3,3,Daikon version 5.8.8 output data,,Daikon_5_8_8_OUT,,Daikon version 5.8.8 invariant detection,LIKELY_INVARIANT_SPEC_221,,,,,,,,,,,
2,3,3,Daikon version 5.8.8 output data,,Daikon_5_8_8_OUT,,Daikon version 5.8.8 invariant detection,LIKELY_INVARIANT_SPEC_222,,,,,,,,,,,
2,3,3,Daikon version 5.8.8 output data,,Daikon_5_8_8_OUT,,Daikon version 5.8.8 invariant detection,LIKELY_INVARIANT_SPEC_223,,,,,,,,,,,
2,3,3,Daikon version 5.8.8 output data,,Daikon_5_8_8_OUT,,Daikon version 5.8.8 invariant detection,LIKELY_INVARIANT_SPEC_224,,,,,,,,,,,
2,3,3,Daikon version 5.8.8 output data,,Daikon_5_8_8_OUT,,Daikon version 5.8.8 invariant detection,LIKELY_INVARIANT_SPEC_225,,,,,,,,,,,
2,3,3,Daikon version 5.8.8 output data,,Daikon_5_8_8_OUT,,Daikon version 5.8.8 invariant detection,LIKELY_INVARIANT_SPEC_226,,,,,,,,,,,
2,3,3,Daikon version 5.8.8 output data,,Daikon_5_8_8_OUT,,Daikon version 5.8.8 invariant detection,LIKELY_INVARIANT_SPEC_227,,,,,,,,,,,
2,3,3,Daikon version 5.8.8 output data,,Daikon_5_8_8_OUT,,Daikon version 5.8.8 invariant detection,LIKELY_INVARIANT_SPEC_228,,,,,,,,,,,
2,3,3,Daikon version 5.8.8 output data,,Daikon_5_8_8_OUT,,Daikon version 5.8.8 invariant detection,LIKELY_INVARIANT_SPEC_229,,,,,,,,,,,
2,3,3,Daikon version 5.8.8 output data,,Daikon_5_8_8_OUT,,Daikon version 5.8.8 invariant detection,LIKELY_INVARIANT_SPEC_230,,,,,,,,,,,
2,3,3,Daikon version 5.8.8 output data,,Daikon_5_8_8_OUT,,Daikon version 5.8.8 invariant detection,LIKELY_INVARIANT_SPEC_231,,,,,,,,,,,
2,3,3,Daikon version 5.8.8 output data,,Daikon_5_8_8_OUT,,Daikon version 5.8.8 invariant detection,LIKELY_INVARIANT_SPEC_232,,,,,,,,,,,
2,3,3,Daikon version 5.8.8 output data,,Daikon_5_8_8_OUT,,Daikon version 5.8.8 invariant detection,LIKELY_INVARIANT_SPEC_233,,,,,,,,,,,
2,3,3,Daikon version 5.8.8 output data,,Daikon_5_8_8_OUT,,Daikon version 5.8.8 invariant detection,LIKELY_INVARIANT_SPEC_234,,,,,,,,,,,
2,3,3,Daikon version 5.8.8 output data,,Daikon_5_8_8_OUT,,Daikon version 5.8.8 invariant detection,LIKELY_INVARIANT_SPEC_235,,,,,,,,,,,
2,3,3,Daikon version 5.8.8 output data,,Daikon_5_8_8_OUT,,Daikon version 5.8.8 invariant detection,LIKELY_INVARIANT_SPEC_236,,,,,,,,,,,
2,3,3,Daikon version 5.8.8 output data,,Daikon_5_8_8_OUT,,Daikon version 5.8.8 invariant detection,LIKELY_INVARIANT_SPEC_237,,,,,,,,,,,
2,3,3,Daikon version 5.8.8 output data,,Daikon_5_8_8_OUT,,Daikon version 5.8.8 invariant detection,LIKELY_INVARIANT_SPEC_238,,,,,,,,,,,
2,3,3,Daikon version 5.8.8 output data,,Daikon_5_8_8_OUT,,Daikon version 5.8.8 invariant detection,LIKELY_INVARIANT_SPEC_239,,,,,,,,,,,
2,3,3,Daikon version 5.8.8 output data,,Daikon_5_8_8_OUT,,Daikon version 5.8.8 invariant detection,LIKELY_INVARIANT_SPEC_240,,,,,,,,,,,
2,3,3,Daikon version 5.8.8 output data,,Daikon_5_8_8_OUT,,Daikon version 5.8.8 invariant detection,LIKELY_INVARIANT_SPEC_241,,,,,,,,,,,
2,3,3,Daikon version 5.8.8 output data,,Daikon_5_8_8_OUT,,Daikon version 5.8.8 invariant detection,LIKELY_INVARIANT_SPEC_242,,,,,,,,,,,
2,3,3,Daikon version 5.8.8 output data,,Daikon_5_8_8_OUT,,Daikon version 5.8.8 invariant detection,LIKELY_INVARIANT_SPEC_243,,,,,,,,,,,
2,3,3,Daikon version 5.8.8 output data,,Daikon_5_8_8_OUT,,Daikon version 5.8.8 invariant detection,LIKELY_INVARIANT_SPEC_244,,,,,,,,,,,
2,3,3,Daikon version 5.8.8 output data,,Daikon_5_8_8_OUT,,Daikon version 5.8.8 invariant detection,LIKELY_INVARIANT_SPEC_245,,,,,,,,,,,
2,3,3,Daikon version 5.8.8 output data,,Daikon_5_8_8_OUT,,Daikon version 5.8.8 invariant detection,LIKELY_INVARIANT_SPEC_246,,,,,,,,,,,
2,3,3,Daikon version 5.8.8 output data,,Daikon_5_8_8_OUT,,Daikon version 5.8.8 invariant detection,LIKELY_INVARIANT_SPEC_247,,,,,,,,,,,
2,3,3,Daikon version 5.8.8 output data,,Daikon_5_8_8_OUT,,Daikon version 5.8.8 invariant detection,LIKELY_INVARIANT_SPEC_248,,,,,,,,,,,
2,3,3,Daikon version 5.8.8 output data,,Daikon_5_8_8_OUT,,Daikon version 5.8.8 invariant detection,LIKELY_INVARIANT_SPEC_249,,,,,,,,,,,
2,3,3,Daikon version 5.8.8 output data,,Daikon_5_8_8_OUT,,Daikon version 5.8.8 invariant detection,LIKELY_INVARIANT_SPEC_250,,,,,,,,,,,
2,3,3,Daikon version 5.8.8 output data,,Daikon_5_8_8_OUT,,Daikon version 5.8.8 invariant detection,LIKELY_INVARIANT_SPEC_251,,,,,,,,,,,
2,3,3,Daikon version 5.8.8 output data,,Daikon_5_8_8_OUT,,Daikon version 5.8.8 invariant detection,LIKELY_INVARIANT_SPEC_252,,,,,,,,,,,
2,3,3,Daikon version 5.8.8 output data,,Daikon_5_8_8_OUT,,Daikon version 5.8.8 invariant detection,LIKELY_INVARIANT_SPEC_253,,,,,,,,,,,
2,3,3,Daikon version 5.8.8 output data,,Daikon_5_8_8_OUT,,Daikon version 5.8.8 invariant detection,LIKELY_INVARIANT_SPEC_254,,,,,,,,,,,
2,3,3,Daikon version 5.8.8 output data,,Daikon_5_8_8_OUT,,Daikon version 5.8.8 invariant detection,LIKELY_INVARIANT_SPEC_255,,,,,,,,,,,
2,3,3,Daikon version 5.8.8 output data,,Daikon_5_8_8_OUT,,Daikon version 5.8.8 invariant detection,LIKELY_INVARIANT_SPEC_256,,,,,,,,,,,
2,3,3,Daikon version 5.8.8 output data,,Daikon_5_8_8_OUT,,Daikon version 5.8.8 invariant detection,LIKELY_INVARIANT_SPEC_257,,,,,,,,,,,
2,3,3,Daikon version 5.8.8 output data,,Daikon_5_8_8_OUT,,Daikon version 5.8.8 invariant detection,LIKELY_INVARIANT_SPEC_258,,,,,,,,,,,
2,3,3,Daikon version 5.8.8 output data,,Daikon_5_8_8_OUT,,Daikon version 5.8.8 invariant detection,LIKELY_INVARIANT_SPEC_259,,,,,,,,,,,
2,3,3,Daikon version 5.8.8 output data,,Daikon_5_8_8_OUT,,Daikon version 5.8.8 invariant detection,LIKELY_INVARIANT_SPEC_260,,,,,,,,,,,
2,3,3,Daikon version 5.8.8 output data,,Daikon_5_8_8_OUT,,Daikon version 5.8.8 invariant detection,LIKELY_INVARIANT_SPEC_261,,,,,,,,,,,
2,3,3,Daikon version 5.8.8 output data,,Daikon_5_8_8_OUT,,Daikon version 5.8.8 invariant detection,LIKELY_INVARIANT_SPEC_262,,,,,,,,,,,
2,3,3,Daikon version 5.8.8 output data,,Daikon_5_8_8_OUT,,Daikon version 5.8.8 invariant detection,LIKELY_INVARIANT_SPEC_263,,,,,,,,,,,
2,3,3,Daikon version 5.8.8 output data,,Daikon_5_8_8_OUT,,Daikon version 5.8.8 invariant detection,LIKELY_INVARIANT_SPEC_264,,,,,,,,,,,
2,3,3,Daikon version 5.8.8 output data,,Daikon_5_8_8_OUT,,Daikon version 5.8.8 invariant detection,LIKELY_INVARIANT_SPEC_265,,,,,,,,,,,
2,3,3,Daikon version 5.8.8 output data,,Daikon_5_8_8_OUT,,Daikon version 5.8.8 invariant detection,LIKELY_INVARIANT_SPEC_266,,,,,,,,,,,
2,3,3,Daikon version 5.8.8 output data,,Daikon_5_8_8_OUT,,Daikon version 5.8.8 invariant detection,LIKELY_INVARIANT_SPEC_267,,,,,,,,,,,
2,3,3,Daikon version 5.8.8 output data,,Daikon_5_8_8_OUT,,Daikon version 5.8.8 invariant detection,LIKELY_INVARIANT_SPEC_268,,,,,,,,,,,
2,3,3,Daikon version 5.8.8 output data,,Daikon_5_8_8_OUT,,Daikon version 5.8.8 invariant detection,LIKELY_INVARIANT_SPEC_269,,,,,,,,,,,
2,3,3,Daikon version 5.8.8 output data,,Daikon_5_8_8_OUT,,Daikon version 5.8.8 invariant detection,LIKELY_INVARIANT_SPEC_270,,,,,,,,,,,
2,3,3,Daikon version 5.8.8 output data,,Daikon_5_8_8_OUT,,Daikon version 5.8.8 invariant detection,LIKELY_INVARIANT_SPEC_271,,,,,,,,,,,
2,3,3,Daikon version 5.8.8 output data,,Daikon_5_8_8_OUT,,Daikon version 5.8.8 invariant detection,LIKELY_INVARIANT_SPEC_272,,,,,,,,,,,
2,3,3,Daikon version 5.8.8 output data,,Daikon_5_8_8_OUT,,Daikon version 5.8.8 invariant detection,LIKELY_INVARIANT_SPEC_273,,,,,,,,,,,
2,3,3,Daikon version 5.8.8 output data,,Daikon_5_8_8_OUT,,Daikon version 5.8.8 invariant detection,LIKELY_INVARIANT_SPEC_274,,,,,,,,,,,
2,3,3,Daikon version 5.8.8 output data,,Daikon_5_8_8_OUT,,Daikon version 5.8.8 invariant detection,LIKELY_INVARIANT_SPEC_275,,,,,,,,,,,
2,3,3,Daikon version 5.8.8 output data,,Daikon_5_8_8_OUT,,Daikon version 5.8.8 invariant detection,LIKELY_INVARIANT_SPEC_276,,,,,,,,,,,
2,3,3,Daikon version 5.8.8 output data,,Daikon_5_8_8_OUT,,Daikon version 5.8.8 invariant detection,LIKELY_INVARIANT_SPEC_277,,,,,,,,,,,
2,3,3,Daikon version 5.8.8 output data,,Daikon_5_8_8_OUT,,Daikon version 5.8.8 invariant detection,LIKELY_INVARIANT_SPEC_278,,,,,,,,,,,
2,3,3,Daikon version 5.8.8 output data,,Daikon_5_8_8_OUT,,Daikon version 5.8.8 invariant detection,LIKELY_INVARIANT_SPEC_279,,,,,,,,,,,
2,3,3,Daikon version 5.8.8 output data,,Daikon_5_8_8_OUT,,Daikon version 5.8.8 invariant detection,LIKELY_INVARIANT_SPEC_280,,,,,,,,,,,
2,3,3,Daikon version 5.8.8 output data,,Daikon_5_8_8_OUT,,Daikon version 5.8.8 invariant detection,LIKELY_INVARIANT_SPEC_281,,,,,,,,,,,
2,3,3,Daikon version 5.8.8 output data,,Daikon_5_8_8_OUT,,Daikon version 5.8.8 invariant detection,LIKELY_INVARIANT_SPEC_282,,,,,,,,,,,
2,3,3,Daikon version 5.8.8 output data,,Daikon_5_8_8_OUT,,Daikon version 5.8.8 invariant detection,LIKELY_INVARIANT_SPEC_283,,,,,,,,,,,
2,3,3,Daikon version 5.8.8 output data,,Daikon_5_8_8_OUT,,Daikon version 5.8.8 invariant detection,LIKELY_INVARIANT_SPEC_284,,,,,,,,,,,
2,3,3,Daikon version 5.8.8 output data,,Daikon_5_8_8_OUT,,Daikon version 5.8.8 invariant detection,LIKELY_INVARIANT_SPEC_285,,,,,,,,,,,
2,3,3,Daikon version 5.8.8 output data,,Daikon_5_8_8_OUT,,Daikon version 5.8.8 invariant detection,LIKELY_INVARIANT_SPEC_286,,,,,,,,,,,
2,3,3,Daikon version 5.8.8 output data,,Daikon_5_8_8_OUT,,Daikon version 5.8.8 invariant detection,LIKELY_INVARIANT_SPEC_287,,,,,,,,,,,
2,3,3,Daikon version 5.8.8 output data,,Daikon_5_8_8_OUT,,Daikon version 5.8.8 invariant detection,LIKELY_INVARIANT_SPEC_288,,,,,,,,,,,
2,3,3,Daikon version 5.8.8 output data,,Daikon_5_8_8_OUT,,Daikon version 5.8.8 invariant detection,LIKELY_INVARIANT_SPEC_289,,,,,,,,,,,
2,3,3,Daikon version 5.8.8 output data,,Daikon_5_8_8_OUT,,Daikon version 5.8.8 invariant detection,LIKELY_INVARIANT_SPEC_290,,,,,,,,,,,
2,3,3,Daikon version 5.8.8 output data,,Daikon_5_8_8_OUT,,Daikon version 5.8.8 invariant detection,LIKELY_INVARIANT_SPEC_291,,,,,,,,,,,
2,3,3,Daikon version 5.8.8 output data,,Daikon_5_8_8_OUT,,Daikon version 5.8.8 invariant detection,LIKELY_INVARIANT_SPEC_292,,,,,,,,,,,
2,3,3,Daikon version 5.8.8 output data,,Daikon_5_8_8_OUT,,Daikon version 5.8.8 invariant detection,LIKELY_INVARIANT_SPEC_293,,,,,,,,,,,
2,3,3,Daikon version 5.8.8 output data,,Daikon_5_8_8_OUT,,Daikon version 5.8.8 invariant detection,LIKELY_INVARIANT_SPEC_294,,,,,,,,,,,
2,3,3,Daikon version 5.8.8 output data,,Daikon_5_8_8_OUT,,Daikon version 5.8.8 invariant detection,LIKELY_INVARIANT_SPEC_295,,,,,,,,,,,
2,3,3,Daikon version 5.8.8 output data,,Daikon_5_8_8_OUT,,Daikon version 5.8.8 invariant detection,LIKELY_INVARIANT_SPEC_296,,,,,,,,,,,
2,3,3,Daikon version 5.8.8 output data,,Daikon_5_8_8_OUT,,Daikon version 5.8.8 invariant detection,LIKELY_INVARIANT_SPEC_297,,,,,,,,,,,
2,3,3,Daikon version 5.8.8 output data,,Daikon_5_8_8_OUT,,Daikon version 5.8.8 invariant detection,LIKELY_INVARIANT_SPEC_298,,,,,,,,,,,
2,3,3,Daikon version 5.8.8 output data,,Daikon_5_8_8_OUT,,Daikon version 5.8.8 invariant detection,LIKELY_INVARIANT_SPEC_299,,,,,,,,,,,
2,3,3,Daikon version 5.8.8 output data,,Daikon_5_8_8_OUT,,Daikon version 5.8.8 invariant detection,LIKELY_INVARIANT_SPEC_300,,,,,,,,,,,
2,3,3,Daikon version 5.8.8 output data,,Daikon_5_8_8_OUT,,Daikon version 5.8.8 invariant detection,LIKELY_INVARIANT_SPEC_301,,,,,,,,,,,
2,3,3,Daikon version 5.8.8 output data,,Daikon_5_8_8_OUT,,Daikon version 5.8.8 invariant detection,LIKELY_INVARIANT_SPEC_302,,,,,,,,,,,
2,3,3,Daikon version 5.8.8 output data,,Daikon_5_8_8_OUT,,Daikon version 5.8.8 invariant detection,LIKELY_INVARIANT_SPEC_303,,,,,,,,,,,
2,3,3,Daikon version 5.8.8 output data,,Daikon_5_8_8_OUT,,Daikon version 5.8.8 invariant detection,LIKELY_INVARIANT_SPEC_304,,,,,,,,,,,
2,3,3,Daikon version 5.8.8 output data,,Daikon_5_8_8_OUT,,Daikon version 5.8.8 invariant detection,LIKELY_INVARIANT_SPEC_305,,,,,,,,,,,
2,3,3,Daikon version 5.8.8 output data,,Daikon_5_8_8_OUT,,Daikon version 5.8.8 invariant detection,LIKELY_INVARIANT_SPEC_306,,,,,,,,,,,
2,3,3,Daikon version 5.8.8 output data,,Daikon_5_8_8_OUT,,Daikon version 5.8.8 invariant detection,LIKELY_INVARIANT_SPEC_307,,,,,,,,,,,
2,3,3,Daikon version 5.8.8 output data,,Daikon_5_8_8_OUT,,Daikon version 5.8.8 invariant detection,LIKELY_INVARIANT_SPEC_308,,,,,,,,,,,
2,3,3,Daikon version 5.8.8 output data,,Daikon_5_8_8_OUT,,Daikon version 5.8.8 invariant detection,LIKELY_INVARIANT_SPEC_309,,,,,,,,,,,
2,3,3,Daikon version 5.8.8 output data,,Daikon_5_8_8_OUT,,Daikon version 5.8.8 invariant detection,LIKELY_INVARIANT_SPEC_310,,,,,,,,,,,
2,3,3,Daikon version 5.8.8 output data,,Daikon_5_8_8_OUT,,Daikon version 5.8.8 invariant detection,LIKELY_INVARIANT_SPEC_311,,,,,,,,,,,
2,3,3,Daikon version 5.8.8 output data,,Daikon_5_8_8_OUT,,Daikon version 5.8.8 invariant detection,LIKELY_INVARIANT_SPEC_312,,,,,,,,,,,
2,3,3,Daikon version 5.8.8 output data,,Daikon_5_8_8_OUT,,Daikon version 5.8.8 invariant detection,LIKELY_INVARIANT_SPEC_313,,,,,,,,,,,
2,3,3,Daikon version 5.8.8 output data,,Daikon_5_8_8_OUT,,Daikon version 5.8.8 invariant detection,LIKELY_INVARIANT_SPEC_314,,,,,,,,,,,
2,3,3,Daikon version 5.8.8 output data,,Daikon_5_8_8_OUT,,Daikon version 5.8.8 invariant detection,LIKELY_INVARIANT_SPEC_315,,,,,,,,,,,
2,3,3,Daikon version 5.8.8 output data,,Daikon_5_8_8_OUT,,Daikon version 5.8.8 invariant detection,LIKELY_INVARIANT_SPEC_316,,,,,,,,,,,
2,3,3,Daikon version 5.8.8 output data,,Daikon_5_8_8_OUT,,Daikon version 5.8.8 invariant detection,LIKELY_INVARIANT_SPEC_317,,,,,,,,,,,
2,3,3,Daikon version 5.8.8 output data,,Daikon_5_8_8_OUT,,Daikon version 5.8.8 invariant detection,LIKELY_INVARIANT_SPEC_318,,,,,,,,,,,
2,3,3,Daikon version 5.8.8 output data,,Daikon_5_8_8_OUT,,Daikon version 5.8.8 invariant detection,LIKELY_INVARIANT_SPEC_319,,,,,,,,,,,
2,3,3,Daikon version 5.8.8 output data,,Daikon_5_8_8_OUT,,Daikon version 5.8.8 invariant detection,LIKELY_INVARIANT_SPEC_320,,,,,,,,,,,
2,3,3,Daikon version 5.8.8 output data,,Daikon_5_8_8_OUT,,Daikon version 5.8.8 invariant detection,LIKELY_INVARIANT_SPEC_321,,,,,,,,,,,
2,3,3,Daikon version 5.8.8 output data,,Daikon_5_8_8_OUT,,Daikon version 5.8.8 invariant detection,LIKELY_INVARIANT_SPEC_322,,,,,,,,,,,
2,3,3,Daikon version 5.8.8 output data,,Daikon_5_8_8_OUT,,Daikon version 5.8.8 invariant detection,LIKELY_INVARIANT_SPEC_323,,,,,,,,,,,
